Frejt,null
Kiwal,null
Silecki,null
Krzepina,null
Kisella,null
Bialuch,null
Fandrich,null
Debergut,null
Patoryński,null
Tockowiak,null
Romik,null
Jernatowski,null
Linol,null
Touma,null
Chorozińska,null
Wycykan,null
Szwitek,null
Kykyciak,null
Wójnarowicz,null
Panfirowicz,null
Wiczok,null
Ocipka,null
Nikitiuk,null
Szuryn,null
Liser,null
Miltowicz,null
Konepelski,null
Ceroni,null
Lizun,null
Nieschwitz,null
Pawlij,null
Jasior,null
Kaneko,null
Dorenko,null
Zenisz,null
Gina,null
Kaczakowska,null
Turkaniuk,null
Jarlochowicz,null
Latorzewska,null
Santocki,null
Dziobawska,null
Gawelek,null
Prucik,null
Kordela,null
Trzepiara,null
Niniarski,null
Ciekala,null
Hruścicka,null
Ciciorska,null
�udzi�ski,null
Andrias,null
Patezek,null
Machara,null
Miluśki,null
Buchy�ska,null
Budner,null
Szumiacki,null
Pieniarkowska,null
Obtenowicz,null
Aleksandrzyk,null
Soluski,null
Wotek,null
Kotlowski,null
Plonowski,null
Arys,null
Bystrzyski,null
Jeutner,null
Fiejter,null
Myska,null
Iziewicz,null
Dzienisienko,null
Gabrielczak,null
Krosendowicz,null
S�obudzki,null
Thomanek,null
Lemanowicz,null
Kondliella,null
Miczda,null
Fotkowska,null
Felbel,null
Zok,null
Kozdaj,null
Niskiewicz,null
Grzycki,null
Krystyjanc,null
Lanchan,null
Smagluk,null
Kukso,null
Dziemiedowicz,null
Koracewicz,null
Rosca,null
Perus,null
Strzebinczyk,null
Charusewicz,null
Kaliczak,null
Kreppel,null
Hruniewicka,null
Go�uszkiewicz,null
Markiska,null
Diec,null
Wójtarowicz,null
Baczalska,null
Balaryn,null
Komorek,null
Rotkiewicz,null
Homeja,null
Mukas,null
Tatyrata,null
Lecacki,null
Ferdynus,null
Linoberg,null
Siotur,null
Sty�czykowska,null
W�grzecki,null
Kopytowski,null
Miecanowska,null
Ewangelidu,null
Nimpcz,null
Suliwski,null
J�czara,null
Iwaskow,null
Prachtor,null
Manculewicz,null
Derenia�ska,null
Hereza,null
Hohnel,null
�azna,null
Joziewicz,null
Schr�dter,null
Delifotis,null
Makohonienko,null
Na�lednik,null
Kyzi�ska,null
Mekulska,null
Caler,null
Liminowicz,null
Jedziwiak,null
Nasi�kowski,null
Surdacki,null
Koszerbska,null
Poznerowicz,null
Smik�a,null
Musiak-Pop�awska,null
Szywal,null
Uscjaniuk,null
Borucha,null
Kubiok,null
Fonderowska,null
Leszta,null
Stahaczyk,null
Krecol,null
Mi�skowiak,null
Pejas,null
Uwar�w,null
Wladescu,null
Jerzyniec,null
Br�zert,null
Kieli,null
Cepiga,null
Cha�asiuk,null
Jarmyszczak,null
Katrenko,null
Pisarkiewicz,null
Krentz,null
Bachmaczuk,null
Lokai,null
Remieszko,null
Orsza,null
Chlebiok,null
Romosin,null
G�biak,null
Ganobczyk,null
Niemtusiak,null
�wiczerewski,null
Kru�lak,null
Bucho�ski,null
Bochenski,null
Ollesi�ska,null
Ku� vel Kuczy�ska,null
Bia��ski,null
W�odzarczyk,null
Limant,null
L�kawski,null
Zelewak,null
Chojke,null
Knigawko,null
Elsner,null
Boede,null
W�gliniak,null
Amielczenko,null
Fordyska,null
Czarczak,null
Lashmann,null
Cuprun,null
Petrulis,null
Warcho�,null
Krojanke,null
Badiura,null
Jaruczyk,null
�awreszuk,null
Szletycki,null
Safin,null
Franzki,null
Gordalska,null
Bogdo�ska,null
Hencer,null
Przytuli�ski,null
Batyrus,null
Gorbin,null
Stefe�ski,null
Cinkus,null
Szefoci�ski,null
Bellwon,null
Torko,null
Krokis,null
Piech�wka,null
Pupelc,null
Wartenberg,null
Hajnbergier,null
Hamalwa,null
Ku�bit,null
Sumerski,null
Hahnewald,null
Rohrbach,null
Dowell,null
Prohalska,null
Bambauer,null
Biziel,null
Komar,null
Cechalnik,null
Siembara,null
Brazis,null
Wielmo�ny,null
Mockun,null
Utrysko,null
P�aczkowski,null
Osit,null
Bielecha,null
Korendro,null
Furstenberg,null
Milluszek,null
Steblin-Kami�ski,null
Skotowiecka,null
Spryszy�ski,null
Ogieniewicz,null
Ra�na,null
Baje,null
Sawaskiewicz,null
Domazga�a,null
Rychwa,null
Jedziniak,null
Myskurska,null
Niementowski,null
Niewierzo�,null
B�anowicz,null
Podkowka,null
Durcz,null
Hedeszy�ski,null
Radogostowicz,null
Klis,null
Rynka,null
Tarlandzi,null
Senbol,null
Stachaczek,null
Olsiewska,null
Spernoga,null
Doro�ewycz,null
Szpuczar,null
Poloniz,null
Buksakowski,null
Hordjuk,null
Dragsitz,null
Sytor,null
Frejnagiel,null
Doznaniecka,null
Szlapkin,null
Pryszczepczyk,null
Kruzmanowski,null
Rz�tkiewicz,null
Cidorowska,null
Maty�,null
Stadnikowski,null
Jakobczyk,null
Jakub�w,null
Ko�byk,null
Siemoszko,null
Pytykanowicz,null
Motwicki,null
Ciepicho�,null
Pataczy�ska,null
Twarnicka,null
Kontyny,null
Chonika,null
Sitakowski,null
Kniazga,null
Rettich,null
Frychiel,null
G�reska,null
Czu�aj,null
Gwa�dziewska,null
Wychnowski,null
Bubley,null
R�wni�ski,null
Makswiej,null
�eszczy�ski,null
D�bkiewicz,null
Nieron�w,null
Tekorczak,null
Rudaniec,null
Rachno,null
Siestrzewitowski,null
Kalfa,null
Hermaczyk,null
Birli�ski,null
Musialak,null
Hoderna,null
Chartli�ski,null
G�st�,null
W�odaczyk,null
Sznejwajs,null
Wiktorzewski,null
B�zik,null
Szajnok,null
Welder,null
Klarow,null
Jasianowski,null
Bogda�a,null
Paca�,null
Mialuk,null
Paci�rek,null
Augustynow,null
Szczyga�a,null
Pociechin,null
Schwedt,null
Czarnel,null
Niepsu�,null
Fredzio,null
Peczalska,null
Kitu�ska,null
Matasik,null
Karpyn,null
Mi�aszczuk,null
Alszer,null
Chwa�ciak,null
Ha�ak,null
Szpaczy�ski,null
Kierjewski,null
Omieniuk,null
Balachowicz,null
Jonker,null
Halarewicz,null
Kiedel,null
Wodziuk,null
Morowicki,null
Kowalski,null
�wi�ta�ski,null
Mi�ykowski,null
Flader,null
Bringajzen,null
Klinkosch,null
Sebulak,null
Wawiluk,null
Fisun,null
Milder,null
Hunicz,null
Chrabski,null
�wi�o,null
Rau,null
Polap,null
Pijka,null
Draham,null
G�odomski,null
Hosch,null
Ritwi�ska,null
Pankratow,null
Ciepo�owicz,null
�emta,null
Dragwa,null
Siebieliec,null
Ferenczuk,null
Cecotek,null
Patankiewicz,null
Pamfi�owska,null
Wejsznejder,null
Przyt�ucka,null
Strzebrakowski,null
Bodzenek,null
Lyrek,null
Brinkis,null
Jedrysek,null
Bowtrukiewicz,null
Idus,null
Prze�niczak,null
Duckwitz,null
Dzongas,null
Haberkiewicz,null
Heppler,null
Tatoranowicz,null
Walezy�ska,null
Peew,null
Wojtynko,null
Skrzeczkowski,null
Hermanow,null
Mincel,null
Pietrej,null
S�ndrowski,null
Dami�tko,null
Szalejko,null
Fornall,null
�aworonek,null
Pariselle,null
Antul,null
Basiga,null
Kardiaczy�ski,null
Assanowicz,null
Buczatowska,null
Janczunski,null
Majsztrzyk,null
Pod�oba,null
Sliszka,null
Ko�niecka,null
Chotomowicz,null
Akruszewska,null
Koziecz,null
Hryniewski,null
Gaworecki,null
Prinz,null
Giszka,null
Os,null
Stachnik,null
Fredlund,null
Nazymek,null
Mokijewski,null
Knapisiewicz,null
Pachaluk,null
Furmanczak,null
Ruszaj,null
Milarek,null
K�niec�w,null
Kolumbius,null
Solacki,null
Mieszk�w,null
Dobie�yn,null
Adyniewicz,null
Man�ak,null
Lukesch,null
Ragiewicz,null
Berwicka,null
Rusc,null
Milerowski,null
Buchaj vel Buchajczyk,null
Kuranty,null
Falencki,null
M�zi�ska,null
Cozel,null
Postulak,null
Rosmus,null
Becha,null
Wawryn�w,null
Kudraszew,null
Perchman,null
Sarmaste,null
Marszler,null
Antoniczak,null
Petranowicz,null
Hec,null
Zdu�kowski,null
Bobo�,null
Kuczala,null
Tomalak,null
�ambucki,null
Siendzik,null
Mar�w,null
Bard�owski,null
Dulniak,null
Maksyniec,null
Teleszko,null
Garczasz,null
Czeschowitz,null
Zeliszak,null
Styna,null
Gazdyza,null
B�troniuk,null
Zam�ycki,null
Hordy�,null
Kunac,null
Necer,null
Nikol,null
B�udze�,null
Basarba,null
Szelnicki,null
Kierekiesza,null
Zalesiewicz,null
Hrechorecki,null
Deninger,null
Jas�k,null
Dzi�glowicz,null
Burkadzka,null
Cebara,null
God�owski,null
Pienszke,null
Koszylowski,null
Haremza,null
Szwagirek,null
Cyru��o,null
�azinowski,null
Boronowski,null
Pukmiel,null
Kor�lski,null
W�gierek,null
�erzowski,null
Banczalska,null
Dru�biak,null
Burini,null
Zapisko,null
Ch�odkowska,null
Warnusz,null
Szmelenberg,null
Sysolak,null
Szelepka,null
Czpi�ski,null
Bomgare,null
Kierzmowski,null
Oksza-Klossi,null
Ciepielec,null
Ga�akowska,null
Szraiter,null
Fajcik,null
Mancewicz,null
Tandelewska,null
Lubiech,null
Loda�ski,null
Przywa�a,null
Fajersztejn,null
Zybartowicz,null
Weso�y,null
S�s,null
Kundela,null
Zagracki,null
Filimger,null
Drwila,null
Kryszelska,null
Wa�niczuk,null
Klibit,null
Balin,null
J�ndral,null
S�otowin,null
Dra�czuk,null
Pierzynowski,null
Lubleniecka,null
Mordz,null
Wolniacka,null
Maserczyk,null
Szliwa,null
Szwes,null
Fuellbrandt,null
Krzywaznia,null
Kra�nek,null
Dudman,null
Sag,null
Sopo�,null
�obodziak,null
Grolman,null
Jencek,null
Sadz,null
Czumuniewicz,null
Klapis,null
Blaczek,null
Dzudzik,null
Kwalia,null
Krot,null
Szebestik,null
Kusznierowicz,null
Kydrymska,null
Pazurek,null
Treczka,null
Choroszczak,null
Ada�ska,null
Pauszewicz,null
Makuzik,null
Zdzib�o,null
Raczy�a,null
Trom,null
Hansikiewicz,null
Kostrubies,null
Patel,null
Trocer,null
Ru�niaczek,null
Tohl,null
Kirszniok,null
Kadajski,null
Skom�w,null
Houszka,null
Obodzie�,null
Redlarski,null
Uzerowicz,null
Aufrychter,null
�kiru�,null
Matschi,null
Sajuda,null
Berga�ski,null
Chablewski,null
Jurocha,null
Grudzie�,null
Myrchy,null
Paraboczy,null
Kierzyk,null
Maku�,null
Ty�bierek,null
Korczewicz,null
Mankut,null
Lenne,null
Wicharz,null
Engelkind,null
Storuga,null
Lamali,null
Menelyk,null
Tichanowska,null
Damelczyk,null
S�abusze�ska,null
Wechtorowicz,null
Subutkiewicz,null
Hrynczuk,null
Slezanski,null
Pods�dek,null
Apryjas,null
Szcz�sny,null
Dyszczorska,null
R�ka,null
Zaka�o,null
Madejewski,null
Karalus,null
Ciabut,null
P�o�alska,null
Hr�elok,null
Elger,null
Praibisz,null
Pawlaczuk,null
Szyszman,null
Wywidas,null
Patraj,null
J�droczok,null
Gendza,null
Serwczak,null
Skur�y�ska,null
Monartowicz,null
Sisalen,null
Decko,null
Kasielewska,null
Str�ykiewicz,null
Szeicht,null
Dynielewicz,null
Kukieta,null
Snidowicz,null
Tonton,null
Lilpop,null
Gawronowski,null
Straci�o,null
�wiacki,null
Malaryk,null
Runal,null
Deege,null
Pa�aszko,null
Ho�ub,null
Rydek,null
Marsenger,null
Basi�w,null
Porzecki,null
Dro�dziewicz,null
Wasser,null
Miatello,null
Rycuniak,null
Trepszo,null
Krumpolc,null
Denhof,null
Bachelska,null
Sellas,null
Mosiuk,null
Drumu�ska,null
Homma,null
Mi�o�ewska,null
Ulen�a�ka,null
Taukert,null
Smikowski,null
Grzego�ewski,null
Skarniewicz,null
Brandiszok,null
Schub,null
Podwi�zka,null
Felniczak,null
Lutman,null
Wittmeyer,null
Szaszuro,null
Bukaczewski,null
Machwitz,null
Cwajdrak,null
Szaka�o,null
Kiak,null
Go�dziarski,null
Pobielewski,null
Gasyna,null
Lej�ak,null
B�y�niak,null
Obertal,null
Brohomirecka,null
Szplingwald,null
Bigdawska,null
Przynicki,null
Janielucha,null
Wa�nik,null
Piernak,null
�a�adkowska,null
Hebisch,null
Alincewicz,null
Z�kiewicz,null
S�omczewski,null
Repetto,null
Bartoczko,null
Sudelik,null
D�derowicz,null
Kresiment,null
Molend,null
Slenczek,null
Krakowko,null
Marasz,null
Renduda,null
Binasik,null
Conderek,null
Zio�o,null
Osiga,null
Korzyniowski,null
Aniel,null
Tulipa�ska,null
Girczyc,null
Studziba,null
Majrzak,null
Maszot,null
Mruda,null
Szczoponiak,null
Nagurzycka,null
Cha�on,null
Anitas,null
Prze�dzie�kowski,null
Kolus,null
Herendarz,null
Boniewicz,null
Jendykiewicz,null
Garyantosiewicz,null
Mosielski,null
Lichnarewicz,null
Sierek,null
Cha�acz,null
Hergessel,null
R�pek,null
Perykasz,null
Kurla�ska,null
Kasica,null
Omielczenko,null
Lehe�ki,null
Pizkorska,null
Kule�,null
Pitura,null
Niegowski,null
Mamara,null
Dylowski,null
Zimitrowicz,null
Bubolc,null
�ywoczy�ska,null
Fotis,null
Salzmann,null
Poniewizik,null
Kanewiszer,null
Wiche�,null
D�os,null
Kuznacki,null
Wa�ciszewski,null
Szczepaniak-Krupowski,null
Rozko,null
Harenza,null
Tarty��o,null
Gawro�czyk,null
Bogor�d�,null
Gr�bka,null
Siwkiewicz,null
Bresch,null
D�abka,null
Cha�,null
Gagraj,null
Kruszyk,null
Maszczyszyn,null
Herkowicz,null
Brzystowski,null
Dodisz,null
Brajner,null
Bubka,null
Czerpska,null
Moty�niak,null
Grzywo-D�browski,null
Zrankiewicz,null
Pichnicki,null
Hebratowska,null
Pitasz,null
Opalewski,null
Wokoszkiewicz,null
Kisling,null
Tokasa,null
Darbik,null
Przewdzienk,null
Makach,null
Ciernic,null
Feler-Korn,null
Kydo�,null
Kazierodek,null
Sielwant,null
Filder,null
Kasten,null
Mocznia�ski,null
Kobzowska,null
Wygl�dowski,null
Pacze�na,null
Stankiewicz,null
Kmio�ek,null
Mitecka,null
Tyton,null
Flumenbaum,null
P�osik,null
Giejzner,null
Niskog�rska,null
Palestrunt,null
Arab,null
Neniczka,null
Prozo�owicz,null
Zegrzda,null
Bajonczak,null
Szyja,null
Birkhahn,null
Nowrocin,null
Cherszt,null
Abranienko,null
�la�e�ska,null
Hryn,null
Nowaki�ska,null
Pazdzierek,null
Izraelski,null
Peweluch,null
Wjecha,null
Maskowiak,null
Kwas,null
Kurinka,null
Fo�da,null
Ksi�ela,null
Papadakis,null
Torfa,null
Kuriluk,null
Kuptz,null
Florschutz,null
Makalewicz,null
Celmorowska,null
Cybilska,null
Nazarczuk,null
Kurtewicz,null
Wiencho�,null
Specik,null
Rotsztajn,null
Krulikowski,null
Isajczuk,null
Gerasimenko,null
Gembole�,null
Zawala,null
Bierwald,null
Rakin,null
Kijewicz,null
Andrusik,null
�ogunow,null
Hojmanowska,null
Trachowski,null
Piewka,null
Halter,null
Teprag,null
Ho�o�na,null
Soczujewicz,null
Priec,null
Wajchrzak,null
Bubnow,null
Wosatka,null
Szranek,null
Bielenowicz,null
Winogradzki,null
Kieszing,null
Ometiuch,null
Planz,null
Gorczyczko,null
Popi�owski,null
Dryga��o,null
Bendza,null
Hezner,null
Lo�ca,null
Torula,null
Popiej,null
Jambro�y,null
�wierczuk,null
Samga,null
Brykarz,null
Riegal,null
Kwestarz,null
Tia�owski,null
Skowyta,null
Soczuk,null
Bala�,null
Poterucha,null
Lelukiewicz,null
Derfel,null
Biodrowski,null
Swodczyk,null
Najchajzer,null
Berhalowicz,null
Bernchardt,null
Beto�ski,null
Kitzerman,null
Kozubel,null
Reselewska,null
�obro�,null
Suchorzy�ski,null
�ukoryj,null
Hisznajder,null
Druchniak,null
Po�niakow,null
Krubski,null
Hannig,null
Sudu�,null
Sieraciuk,null
Gardy�ski,null
Mernola,null
Nietrebska,null
Godorecki,null
Kosimowicz,null
Go��biak,null
Aryka,null
Starych,null
Osica,null
Czerepowicki,null
��obicz,null
Mieszkuniec,null
Leichmitz,null
Ca�y,null
B�ugajewska,null
Skerlik,null
Tair,null
Dudy,null
Chte�ciak,null
Karpiszen,null
Jarmoczyk,null
Forync,null
Gry�lak,null
Haftman,null
Ko�cieniewska,null
B�echa,null
Kurciusz,null
Taworski,null
Lebierzy�ski,null
Babel de Fronsberg,null
Babarz,null
Tumil,null
Djabin,null
Falas,null
Andrysyna,null
Wynosz,null
Wachotko,null
Boida,null
Linga,null
Zgubowski,null
Lachaut,null
Frykiert,null
Roessler,null
�ledziszewski,null
Wesfal,null
Ganga�,null
Efros,null
Teykowski,null
Ple�niarz,null
Stoklas,null
Orneta,null
S�odyczko,null
Maci�gowski,null
Polepszyc,null
Pohorzecka,null
Chraboszcz�wicz,null
Dziecio�kiewicz,null
Pe�na,null
Ko�odzejczak,null
Rachow,null
B�y�niak,null
Ratuszniak,null
Mecys,null
Sufla,null
Scendo,null
Szymilewicz,null
Durla,null
Greibich,null
Drwenski,null
Napiecek,null
Jonola,null
Medrek,null
Rabijewski,null
Blass,null
Manikiewicz,null
Smieszkal,null
Skowra�ska,null
Molendowski,null
Kosteniewicz,null
Schmieders,null
Haborska,null
Pracyszyn,null
�uchowiec,null
Sielmaszczyk,null
Michan,null
Walexander,null
Pi�tra,null
Peikert,null
Gajad,null
Z�ote�ka,null
�l�ska,null
Mruczow,null
S�aniszewska,null
Bobo�ski,null
Kapiarz,null
Sataczewska,null
Szwedulski,null
Budnaszek,null
Maga�yna,null
Smigacz,null
Grempla,null
Przysto�ska,null
�awre�czuk,null
Mui�tura,null
Chaudyba,null
Jendyk,null
Franciszkowicz,null
Mrotek,null
Dziurzycki,null
B�ato�,null
Nalejewska,null
D�bczy�ski,null
Dudniczek,null
Strzymczok,null
Ro�nowski,null
Loga�ski,null
B�dkiewicz,null
Obrowski,null
Gembiec,null
Hadran,null
Landgraf,null
Herbrich,null
Kamberi,null
Bois,null
Szujak,null
Bryski,null
Stanina,null
Ninkel,null
Kakareka,null
Se�alski,null
Zreda,null
Bidakowski,null
Karolenko,null
Gogo�a,null
Lajcak,null
Pieh,null
Wondalewska,null
K�dys,null
Dominikiewicz,null
Rechenek,null
Rybakowicz,null
Kikacz,null
Ska�uj,null
Nies�a�czyk,null
St�lhammar,null
Cwai,null
Pritulecka,null
Werenczak,null
Pyrdo�owska,null
�wirko,null
Piatras,null
Hrynkiewicz-Moczulski,null
Egeberg,null
Ogo�,null
Czinka,null
Pom�a�ski,null
Hamziuk,null
Jendryassek,null
Paneta,null
Bobrzelecka,null
Rokoszak,null
Zywiec,null
G��bica,null
�wietoniewski,null
Machutt,null
Wajtryd,null
Melchi�kiewicz,null
�omicz,null
Saca�a,null
Liszawska,null
Dr�bik,null
Macid�owski,null
Randoma�ski,null
Ko�ybski,null
Mydel,null
Dubinbaum,null
Mozdzonek,null
P�dy,null
Szudzkowska,null
Cier�niak,null
Miko�aszewski,null
Dale�ska,null
Faszynka,null
Solomenko,null
Hyniak,null
Maigre,null
Kungiel,null
Kugiejko,null
Nikoszewicz,null
Zabary�a,null
Prz�dzelewski,null
Wejnoch,null
Bitikos,null
Puzuk,null
Komuniewski,null
Barbucha,null
Fitela,null
Mosuriak,null
Kucjar,null
Adamowicz,null
Barwik,null
Kwadrowska,null
Lewantal,null
Chamulla,null
Chrubasiak,null
Onkiewicz,null
Warduli�ski,null
Niman,null
Eichelkraut,null
Karm�w,null
Kosentka,null
Po�ywka,null
Babinko,null
Hlebek,null
Krupisz,null
Ro�ner,null
Plutta,null
Habieda,null
Dylka,null
Krywuc,null
Gra�ul,null
Dawidajtys,null
Drotlew,null
Boy�,null
W�gorzewski,null
Ka�uszek,null
Gruener,null
Woktorowicz,null
Dulniawska,null
Kiryczenko,null
Bretsznajder,null
Krzaska,null
Parysek,null
Szefernaker,null
Openkowski,null
Jakimowski,null
Spiska,null
Rubinowski,null
Leon�w,null
Szoda,null
Ho�a,null
Jurdzak,null
B�udnik,null
Niecgorska,null
Podgajewski,null
Czupio�,null
�wiete�ko,null
Jase�czuk,null
Feciura,null
Prejsnerowicz,null
Dzieszko,null
Celasz,null
Bernacikowski,null
�lisarska,null
Rejmanak,null
Tan�yna,null
Wojgt,null
Tompczy�ska,null
Paszkow,null
Grychta,null
Choraszy�ska,null
Borasch,null
Kopietz,null
Bautista,null
Friedberg,null
Gorczyczy�ski,null
Grebelny,null
Szczebowski,null
Kartsch,null
Weinbaum,null
Nie�wie�,null
Satyn,null
Pytryszyn,null
Latajska,null
Habczy�ski,null
Pr�dki,null
�liskowski vel �liski,null
Schindzielorz,null
Kornuluk,null
Krempka,null
Mikary,null
Czenszak,null
Kawa�czuk,null
F�czek,null
Sitterle,null
Ku�mi�czyk,null
Goslowski,null
Sztermarska,null
Bielenda,null
Jareczek,null
Dzyra,null
Dzidzianowicz,null
Fer�ejko,null
Bada�,null
Lehert,null
Kozio�ek,null
Piecewicz,null
Rogan,null
Bercher,null
Hliwski,null
Mausak,null
Tetena,null
Kipigroch,null
Mi�unka,null
Lois,null
Perugiewicz,null
Andrejeszyn,null
Parafieniuk,null
Laski,null
Sadowny,null
Kiciak,null
Grodaczewska,null
Chandziel,null
Kawanka,null
Kufloski,null
Kieszko,null
Gromny,null
Kudrawcew,null
Dzierno,null
Campa�a,null
Wasyl,null
Korbowniczek,null
Zawrzyk,null
Dengusiak,null
Wollboldt,null
Marciar,null
Wojtyniewicz,null
Maci�tek,null
Brnatowicz,null
Lazoryk,null
Grebiennik,null
Che�moniewicz,null
Dachowski,null
Lanc,null
Malak,null
Szwarcsztajn,null
Maryjosz,null
Mocewicz,null
Walerja�ski,null
Saul,null
�wi�tos�awa,null
Tarsow,null
Warzych,null
Morgner,null
Descher,null
�yczi�ski,null
Rak vel Raczek,null
Krawczukowski,null
Oli�ski,null
Larina,null
Korbot,null
�ele�nicki,null
Melisa,null
Finiewski,null
Wacewicz,null
Dzi�rgowska,null
Pszulna,null
Liebal,null
Chodziutka,null
Marcioszek,null
Gijner,null
Manisfeld,null
Mo�wi��o,null
Kranz,null
Raida,null
Skoraczy�ski,null
Elwar,null
Prowoznik,null
Soszka,null
Weintz,null
Borniecki,null
Makow�dra,null
Lutze-Birk,null
Sose�ski,null
Nagalewski,null
Bu�ancic,null
Krupczan,null
Smietjuch,null
Wamerska,null
Cepor,null
Be�ek,null
Fikowski,null
Gurlik,null
Nabakow,null
Gyda,null
Smuntniak,null
Chmielniczek,null
Szajan,null
Skipor,null
Bikart,null
Stermiczuk,null
Zubielik,null
Purmanowska,null
Suroba�a,null
Arbeit,null
Simacek,null
Arciszewicz,null
Telonszka,null
Kocy,null
Gryzmo�owicz,null
Badier,null
Korban,null
Lozarowicz,null
Paroska,null
Pomocki,null
Jaryszowicz,null
Borwa,null
Bro�ek,null
Grygienc,null
Kopkiewicz,null
Smod�a,null
Lenar,null
Lindna�,null
Stywa,null
Bielmos,null
Puty�ski,null
Tabacki,null
Masiuk-Polonis,null
Garnala,null
�ukowiecki,null
Lizi�ski,null
Kamyczek,null
Budzieszewski,null
Szfary�ski,null
Fietkau,null
Bausow,null
Tiara,null
Lojczyk,null
Bro�obar,null
Pernaz,null
Czu�akow,null
Niesterkowski,null
�ukaszo,null
Sbierska,null
Gawrzy�,null
Roehrych,null
Drzewinowska,null
Aleksiejczuk,null
Makiejczyk,null
Neyda,null
Majsiszko,null
Swirzyna,null
Kordyka,null
Rasiborska,null
Tajerska,null
Wernicz,null
Zenta,null
Branos,null
Kompanicki,null
Kunar,null
Hoin,null
Checha,null
�edel,null
Brataszczuk,null
Sarmanowicz,null
Rechcygiel,null
Obiegun,null
Weronik,null
Stot�o,null
Kiedorowicz,null
�u�kowski,null
Luft,null
Gulczyk,null
Krzysok,null
Hanusowicz,null
Krelak,null
Rychalk,null
Sobutkowski,null
Wowniak,null
�abajewski,null
Zgrzelski,null
Praj�ner,null
Hailwax,null
Braska,null
Opryska,null
Smendra,null
Gilerek,null
Waw,null
P�drysiak,null
Po�ocik,null
Szczepaniak-Krupowski,null
Gordalla,null
Kor�ga,null
Budnias,null
Stefens,null
Ajzentrant,null
Upali�ska,null
Bojarski,null
Zamaryka,null
Broworska,null
Zbitowski,null
Balnis,null
Kurnol,null
Kumczuk,null
Podjelski,null
Bitzner,null
Baranow,null
Wielkianiec,null
Tranicka,null
Chaniak,null
Dziadziewicz,null
Balalya,null
Czepuro-Baranowski,null
Tadra,null
Datberg,null
�a�ota,null
Thullie,null
Bosianok,null
Ro�yczko,null
Koluga,null
Falaci�ski,null
Popas,null
Do�ek,null
Cholawin,null
Ciurlok,null
Romot,null
Lewsza,null
Blak,null
Wellin,null
Bohaj�o,null
Korona Kila�ski,null
Kun,null
Sierczyk,null
Hagemajer,null
Kogza,null
Wymentowicz,null
Cheromi�ski,null
Sedacka,null
Prunak,null
C�kalski,null
Fudo�a,null
Merges,null
Rozpiatkowski,null
Riszka,null
Mitzel,null
Sw�t,null
Kichard,null
Mysakowicz,null
Bosadzka,null
Rubczewski,null
Cie�wierski,null
Czarnou�,null
Kornaszewski,null
Wonis�awczyk,null
Sadryniak,null
Griger,null
Powiesnik,null
Nakulec,null
Skrz�tkiewicz,null
Tuliszka,null
Siegmunt,null
Nogaj,null
Zemirek,null
Zd�a�a,null
Langos,null
Koro�kiewicz,null
Litwiajtis,null
Frejmark,null
Parznicki,null
Onichimiuk,null
Temski,null
Szewieli�ski,null
Gr�dzi�ski,null
Hudomient,null
Sztafij,null
Koryntowski,null
Sztolsztejn,null
Ku�nior,null
Lemieszek,null
Molga,null
Nagiec,null
Szpekulski,null
Gardyawczyk,null
D�andzia�owska,null
Majcarzyk,null
Jasionek-Jachemiak,null
Kunczka,null
Korolkiewicz,null
Dziuba��on,null
Lubrecht,null
Zycek,null
Smolny,null
Bakanowicz,null
Poraz,null
Czenczok,null
Griesch,null
Nonczak,null
Trochmowicz,null
Kufszer,null
Kiertikas,null
Operman,null
Klimast,null
Jungierman,null
Horszowski,null
Koniur,null
Benderz,null
Szmutko,null
Banszczak,null
�wi�tek Brzezi�ski,null
Grzechac,null
Kuricina,null
Drozdowski vel Chudzik,null
Twanow,null
Hincz,null
Spieker,null
Fenskie,null
Synu�,null
Szlot,null
Briesnitz,null
Oko�o-Zubkowski,null
Czuszka,null
Zdzior,null
Bodola,null
Fengier,null
Duzniak,null
Platkowski,null
Bonert,null
Skraba,null
Kleszczewski,null
Wikarejczyk,null
Lenianowicz,null
Wicha�acz,null
�ozioczonek,null
Krawa,null
Kru�ko,null
Knatyszyn,null
Maciszewicz,null
Korkuszko,null
Firczakowska,null
Drejak,null
Picha�ski,null
Korszowski,null
�otowski,null
Niejad�o,null
Szemio�ek,null
Fularczik,null
Mi�tke,null
Formella,null
Jeroch,null
Arnak,null
Schleiss,null
Go��bski,null
Rusewicz,null
Heczman,null
Gonga�o,null
Droni�ska,null
Chockowska,null
Osieg�owski,null
Porcza�ska,null
Kotwil,null
Cywlik,null
Burte,null
Pyrzalski,null
Zaw�arow,null
Ba�akuszew,null
S�omczy�ski vel S�omka,null
Charlak,null
Koparzy�ska,null
Stalerow,null
Stemlewski,null
Ditkowitz,null
Tuptowska,null
Patalong,null
Czury�o vel Cury�a,null
Weremowicz,null
Ka�u�ny,null
Wys�ouch,null
G��biak,null
Wawrocik,null
Listaszewska,null
Kunynicka,null
Litma�ski,null
Refi�ska,null
Ambrach,null
Chartanowiec,null
Szcz�kala,null
Brywa�,null
Niemesz,null
Bi�yk�w,null
Chocianowski,null
Pieci�ski,null
Konpa,null
Stranczik,null
Ko�ba,null
M�ynarycz,null
Kosucki,null
Lagmesser,null
Mleczy�ski,null
Stuna,null
Goli�ski,null
Pollakowski,null
Ba�ut,null
Mitulla,null
Kapu�ciarz,null
Doktorowski,null
Krzy�nowski,null
Koczk�w,null
Szokiera,null
Tumia�oj�,null
Komaniuk,null
Dobrzyniecki,null
Polaniewicz,null
Szafarski,null
Jagni�tkowski,null
Giergiel,null
Ce�ko,null
Doma�er,null
P�ocho�,null
Ornycz,null
Ber�a,null
Cyn�,null
Breitsprecher,null
Ambrozia,null
Rzywucki,null
Kudawski,null
Zmojdzin,null
G�owatzki,null
Ho�niak,null
Gogela,null
Zwierzchoniewski,null
Sztark,null
Raduj,null
Birdzi�ski,null
Ku�niarski,null
Bilek,null
Kalinski,null
Agustowska,null
Grudzi�dz,null
Sztajnbart,null
P�beczko,null
Nowowieski,null
Szmigler,null
Comper,null
Jumga,null
Sulczewski,null
�wietanko,null
Har��a,null
Saeger,null
Biedruna,null
Choculska,null
Landratkiewicz,null
�ary�ska,null
Geluch,null
Omielczenkow,null
Skrzyniasz,null
Jezusko,null
Bogudziewicz,null
Biczol,null
Krugowiec,null
Labussek,null
Szczypakowska,null
Szydkowski,null
Akajewicz,null
Palkij,null
Daumann,null
Ottenlinger,null
Wydarzy�ska,null
Kaza�,null
Wajberg,null
Falerzy�ski,null
Cemler,null
P�osiaj,null
Ku�tos,null
Ony�k�w,null
Chilimowicz,null
Proclewski,null
Pronin,null
Fie�kowicz,null
Grzeszo,null
Spos�b,null
Weckwerth,null
Gugalska,null
Kra�ko,null
Gustyl,null
Juraho,null
Bochanik,null
Nostitz,null
Zemborski,null
Grzelaszczyk,null
Sternlicht,null
Dekus,null
Dyduk,null
Kowarowski,null
Szachorowska,null
Kruzela,null
Krzeszowiec,null
Pchuta,null
Kiebd�j,null
Kitola,null
Grudzierz,null
Bulica,null
Faktor,null
�rodkowski,null
Froelke,null
Kurmi�owicz,null
Jaruga,null
Wussmann,null
Mizia�a,null
Juhre,null
Leimert,null
Dre�luk,null
Mizar,null
Likier,null
Ci�,null
K�tu�,null
Buetz,null
Charpan,null
Kudaszewska,null
Fornalczuk,null
Siekmak,null
Utczy�ska,null
Palunkiewicz,null
Kowaluk,null
Czesanek,null
Jeziorczyk,null
Wojdyn,null
Auchimik,null
Barido,null
Stochyra,null
Linoch,null
Kruwicka,null
Tonkowska,null
Echta,null
Borodaka,null
Lejowski,null
Gaworowski,null
Glauder,null
Dadamka,null
Wierszy�ow,null
Kutuc,null
Fulasz,null
Polliwoda,null
Musiejkiewicz,null
Niemaszewski,null
Pi�tera,null
Moczal,null
Bogor�d�,null
Chwaszczuk,null
Sza�owi�o,null
Lorzec,null
Kry�,null
�ataszy�ski,null
Doro�kiewicz,null
Atak,null
Matzak,null
Bojeczko,null
St�jkiewicz,null
Folger,null
Hast,null
Sztobski,null
Mira�ski,null
Magir�o,null
Mieczaj,null
Karatnik,null
Wa�at,null
Borcharot,null
Siekieski,null
Knafelski,null
Pencherska,null
Zjaszczykiewicz,null
Koci�ek,null
Szerel,null
R�kosiewicz,null
Homyk,null
Radik,null
Kubiniak,null
Formal,null
Ku�la vel Kuziel,null
Musiarczyk,null
Nicko,null
Rezny,null
Nieuczykowska,null
Putlos,null
�owrynowicz,null
Slomion,null
Badzilos,null
Smoliszek,null
Saniocki,null
Robotowski,null
Kuzoniak,null
Bernaszuk,null
Trymus,null
Kimizuka,null
Gumbis,null
Kruhelski,null
��czycki,null
Barkas,null
Gedych,null
Korwi�ska,null
Manthey,null
Kakosi�ska,null
Stu��w,null
W�saty,null
Marlenga,null
Roczew,null
Bentler,null
Botna,null
Schmid,null
Jakusi,null
Zasel,null
Gorb,null
Buczyna Dawidowski,null
Biatos,null
Zofiak,null
Gucwi�ski,null
Szprotana,null
Burma,null
Soszy�ski,null
Durlewska,null
Pr�tczak,null
Trossowski,null
Pru�y�ski,null
Hubaniecka,null
Anoszko,null
Strymiak,null
Mi��kiewicz,null
Stopow,null
Kry�ek,null
Re�ka,null
Ment,null
Posiad�owicz,null
Mileszczuk,null
Grzybie�ska,null
Glinnicka,null
Domno�owski,null
Agacki,null
Trocanowicz,null
Dudun,null
Proci�ski,null
Ca�ujek,null
Storani,null
Szkulawik,null
Christoforow,null
K�obutowski,null
Jergen,null
Tychost�p,null
Klette,null
Karchier,null
Enegel,null
Prontul,null
P�ociczka,null
Heksman,null
Manczarz,null
Monus,null
Maciepi�ska,null
Matujaszek,null
�enczuk,null
Stryjk�w,null
Szato�ska,null
J�wiczak,null
Mocurz,null
Dzi�dzio�,null
Kuneja,null
Keysiak,null
Wasilski,null
Ustyniuk,null
�witu�a,null
Rockstejn,null
Kawryszyn,null
Jazdo�,null
Besseraba,null
Ho�uta,null
Kaysar,null
Charsimowicz,null
�ozinko,null
Terpliwa,null
Jogurt,null
Klaun,null
Mer�owicz,null
Monzel,null
P�osajczyk,null
Gruba�a,null
Ruzgis-Jackiewicz,null
Bednarzik,null
�wirlik,null
Lepach,null
Kurnach,null
Lejowski,null
Skurznica,null
Macierzyn,null
Foryfter,null
Dziurny,null
Szimelfennig,null
Podczyszy,null
G�oszczko,null
Zawisz,null
Niewli�ska,null
Nowopolski,null
Kreczewski,null
Tschepe,null
Hajzerski,null
Tararyj,null
Rodo�,null
Bastusiuk,null
Szrafi�ski,null
Maza�,null
Kozigora,null
Bia��a,null
Drusejko-R�ewicz,null
Belder,null
N�dzowski,null
Mustafaga,null
Greczniuk,null
Rewerelli,null
Zab�jszczyk,null
Dominich,null
Karabella,null
Schnadel,null
Ramusiewicz,null
Czmieli�ska,null
Pot�,null
Dymid�w,null
Bergo�,null
Ryngiewicz,null
Kropiarska,null
Lulik,null
Kempnerski,null
Strybulewicz,null
Hajncz,null
Kaczmorewicz,null
Zabzdyr,null
Hoberek,null
Belof,null
Durejko,null
�wi�kalski,null
Kusztak,null
Szczota,null
Margalarczyk,null
Ty�lenko,null
Paliman,null
Wop,null
�osior,null
Sewestianik,null
Paike,null
�ukasi�ski,null
Lernaci�ski,null
Edelgard,null
Smici�ska,null
Rzeszowski,null
Schlieter,null
Gonczorenko,null
Gopon,null
Dyrczon,null
Gardia�,null
Stondzik,null
Kaczmerek,null
Pizin,null
Majbaum,null
Butja,null
Blumaczy�ska,null
Schilling,null
Baumagart,null
Mroniewicz,null
Fr�tkiewicz,null
Kica�o,null
Czanowska,null
Jazda,null
Bojadzijew,null
Sregorczyk,null
Krause,null
Przo�,null
Olemski,null
Day,null
Superlak,null
Hesiak,null
Ruider,null
Frekman,null
Stachanowska,null
Casseliusz,null
Rezwanow,null
Garwoni�ski,null
Budakiewicz,null
Ozikowska,null
Lebk�chler,null
Wienicka,null
Wysiatycki,null
Schmiedtchen,null
Sobylok,null
Jenczelska,null
Cymek,null
Ceklera,null
Kornhauser,null
Szl�ak,null
Wiertek,null
Kur�bski,null
Juszkielewicz,null
Wojt�wicz,null
Krajan,null
Zelwerowicz,null
S�aty�ski,null
Disselbergier,null
Radzicz,null
Tarnolicki,null
Mordawski,null
Pilis,null
Siostrzanek,null
Jaka�a,null
M�drakiewicz,null
Hobszta,null
Osinki,null
Spryka,null
Sanosienko,null
Drusiecha,null
Laudzberg,null
Lubdy,null
Ocieczka,null
Kleszczewski,null
Bogdziewicz,null
Gielejza,null
Sokoducha,null
Czupa,null
Schlegel,null
Ryfu�,null
Szleszy�ski,null
Arlt,null
Jobell,null
Smolaga,null
Wuja�,null
Baldis,null
Tocz,null
Lipowczyk,null
Chyza,null
Strylewicz,null
Kummelstan,null
Palubi�ska,null
Fydo,null
Kisznarewicz,null
Czarski,null
Pidakiewicz,null
Kiepiec,null
Draszek,null
Baza�a,null
Wadowicki,null
B�rakiewicz,null
Druszczyc,null
Magel,null
Prz�dzi�ski,null
Neringowska,null
Syrota,null
Gajonowska,null
Matora,null
Gruchociak,null
Samulczuk,null
Herniak,null
Szalkiewski,null
Kukaszczyk,null
Birenacka,null
Herban,null
Neszper,null
Tyszowiecka,null
Dawidzik,null
Czesnowicki,null
Szczyfie�,null
Bondyro,null
D�ucha,null
Bastolik,null
Batrycza,null
Boggero,null
Jepifanow,null
Buklewski,null
Depta,null
Schymainski,null
Benis�awski,null
Puzan�w,null
Dworciak,null
Lindstrom,null
Spieske,null
Chrabaszewski,null
Kuklikowski,null
Fopowicz,null
Mingowski,null
Bezder,null
Rietzel,null
Tlach,null
Chalci�ski,null
�ozynyk,null
Lukosch,null
Taboszewska,null
Sta�a,null
Weroczyk,null
Guli�,null
Preissing,null
Zbo�,null
Kurzus,null
Makarec,null
Mierzecki,null
Mieleszczyk,null
Got�wko,null
Bezdler,null
Boy,null
Paga,null
Mynarski,null
Tatela,null
Selbka,null
Ga�andzij,null
Schneefus,null
Bojanicka,null
Adamcik,null
Usicki,null
Menderla,null
Ankowiak,null
Bajdek,null
�ukajtys,null
Zawiszak,null
Maciejasz,null
Krotyk,null
�wiat�y,null
Pejski,null
Weze�,null
Mlosi�ska,null
Parerek,null
So�dak,null
Burchan,null
L�g�cka,null
Micianiec,null
Marte�czyk,null
Gontarski,null
Fangrot,null
Machaniec,null
Keszenkowski,null
Tuchci�ski,null
Och�dzon,null
Plaszek,null
Genow,null
�obacz,null
Onderko,null
Organkowska,null
Ichnikowski,null
Wywrot,null
Schwienbacher,null
Kruszenko,null
Setny,null
Stakiewicz,null
Lachand,null
Skolud,null
Grzeschiok,null
Kawrot,null
Feusette,null
Przezdzwi�k,null
Ranizowski,null
Hykalik,null
Piechutta,null
Hele�ski,null
Mamprejew,null
Knoc,null
Bodurowicz,null
Rabiarz,null
Tchorz,null
Antowski,null
Gruetzner,null
S�dzielewski,null
Sery�o,null
Ta�anda,null
Macaj�o,null
Teterowicz,null
O�ocki,null
Przekuracki,null
Krewsz,null
Drej�,null
Fergier,null
Pierwi�ska,null
Fritschuweit,null
�obejszo,null
Heleczko,null
Masacz,null
Suwka,null
Harnak,null
Kotlasz,null
Dubylas vel Dybilas,null
Spranzel,null
Parz�dka,null
Koi�ski,null
Tapo�aj,null
Scharadek,null
Szuspita,null
Dawgitowicz,null
Demski,null
�elemirski,null
Szakie�oj�,null
Hinc,null
Moryta,null
Rzaszutek,null
Fucht,null
�wietlicki vel W�gorek,null
�erobiec,null
Amin�w,null
Kondratowicz de Groot,null
Kalkandzis,null
Jeglarz,null
Sewestianiuk,null
Accordi,null
Huba�a,null
Olibrowski,null
Szyderczyk,null
Nayser,null
Levy,null
Krymny,null
Klaschik,null
Grajcan,null
Gucajtis,null
Taracho�,null
Horochowiak,null
Gieraczuk,null
Gotsberg,null
Filis,null
Trzewik,null
Chry�czyk,null
Wese�czuk,null
Szeszurak,null
Gosno,null
Szuszczewicz,null
Baczun,null
Sepiol,null
�u�wiak,null
Suchorz,null
Bowmik,null
Mizdall,null
Ejsbrenner,null
Korzen,null
Gawilczek,null
Wiwatowski,null
Pe�kiewicz,null
Denent,null
Poper,null
K�fel,null
So�otwi�ski,null
Siegiert,null
K�ado�,null
Rejchan,null
Kawerczy�ska,null
Totula,null
Duszel,null
Kutlewicz,null
Izmanowicz,null
Gucima,null
G�rdzi�ski,null
Bra�ka,null
Kiszmanowicz,null
Rachubi�ski,null
Fantini,null
Dendurak,null
Kica�a,null
Wielgasiewicz,null
Leweniec,null
Choroszczak,null
Szczypiorski,null
Teuer,null
J�zefiarz,null
Bruzi�o,null
�miejczak,null
Ryntflajsz,null
Mieszczek,null
Jenorowski,null
Aleszczuk,null
Pisaruk,null
Puka�a,null
Gruszowiec,null
Wino�aw,null
Wajg,null
�yciak,null
Husik,null
Busok,null
Dziewi�,null
Mensfeldowski,null
Zolna,null
Sobieniewski,null
Wid�oszewska,null
Kopid�owski,null
Hilze,null
Ku�nienko,null
Ochal,null
Chuderewicz,null
S�awuski,null
Hry�kiewicz,null
Stanis�awaczuk,null
Bortos,null
Haraczko,null
Resch,null
Obrza�ski,null
Sobota,null
Krzybowiak,null
Czychyr,null
Szubina,null
Madeksza,null
Rothang,null
Wanter,null
Putans,null
Fekiel,null
Siudaczy�ski,null
Sola�ski,null
Fele�czak,null
Radywaniuk,null
Koindziela,null
Gleska,null
Szarlej,null
Gmusowska,null
Ziemniacka,null
Brzuchacz,null
Brull,null
Lachnard,null
U�niak,null
Olszowic,null
Sznigir,null
Sia�ek,null
Pilaszewski,null
�ralska,null
Patina,null
Fagosi�ska,null
Czechanowski,null
Palanik,null
Ozonek,null
Sosuk,null
Dukso,null
Forbaniec,null
Chachilska,null
Kanwut,null
Piegrza,null
W�grzak,null
Szeredega,null
Kruszynka,null
M�trucka,null
Przys�awski,null
Czocheli,null
Wro�na,null
Witmanowicz,null
Siemkowicz,null
Zachmyrda,null
Szpatowski,null
Zeltner,null
Rosemberger,null
Czeszy�ski,null
Ko�mia�ski,null
Berlin,null
Jendruszczak,null
Cejzner,null
Powilajtis,null
Karoll,null
Sechlecki,null
Gutwi�ski,null
Woros,null
Wardziec,null
Kejnich,null
R�giers,null
Lawczyszyn,null
Brojarska,null
Szlassa,null
So�oducko,null
Jel,null
Rojek,null
Rief,null
Busak,null
Gawlita,null
Berezowiec,null
Rozkowi�ski,null
Pa�kowicz,null
Trad,null
Hojrys,null
Teterski,null
Damczuk,null
Hoym,null
Matykiewicz,null
�liwienko,null
Bieglik,null
Hadla,null
Stannat,null
Peretikowicz,null
Parmzel,null
Romionek,null
Oksi�tiuk,null
Momo�ska,null
Koroczkina,null
J�dryczowska,null
Bucholi,null
Kozbuska,null
Mordawski,null
Schanel,null
Wojtachnic,null
Cenar,null
M�owska,null
Judzikowska,null
Dawoudi,null
Mas�w,null
Swerda,null
Wierciuch,null
Pa�y�ski,null
Trembowolska,null
Cegielowski,null
Bandalewicz,null
Umel,null
Pazderz,null
Panamarow,null
Kurleto,null
Ajzensz�ros,null
So�omianko,null
W�czkowski,null
Chominiec,null
Komoso,null
Misoga,null
Burdycz,null
Warnus,null
Wilewicka,null
Kulbiecki,null
Sieradzienko,null
Przewdziedzki,null
Stajhauzer,null
Drozek,null
Tryndu�,null
Barko,null
Kurtysz,null
Harmuz,null
Smaciarz,null
Nienczewicz,null
�awryntiuk,null
Frazik,null
Pikusa,null
Pawluczok,null
Dziczkiewicz,null
Sochod�,null
Dekundy,null
H�klewska,null
Regenberg,null
�wistacz,null
Jastrz�biec-Zakrzewski,null
Skoczkiewicz,null
Stanke,null
Supronczuk,null
Przetakowski,null
Kusznieruk,null
Czebatura,null
Mila�,null
Be�tawska,null
Abramek-Janiszewski,null
Rz�sistka,null
Szembak,null
Gra�owska,null
Hipman,null
Bertelt,null
��pik,null
Lelesz,null
Korznik,null
Quasner,null
Kotempski,null
Kwa�nowska,null
Minzdorf,null
Wieluchowski,null
Ciron,null
Kukuie�ka,null
G�biorowska,null
Osiadacz,null
Odorski,null
Chudzianka,null
Puch�opek,null
Celebia�,null
�yrakowski,null
Charum,null
Maciejewicz,null
Heydrich,null
Ojcowicz,null
Py�ypko,null
Jendzuk,null
Mazga,null
Beksiak,null
Ga�a�ewicz,null
Murdzek,null
B�belski,null
Bindal,null
Scis�o,null
Zafiri,null
Wizborus,null
Burbe�a,null
Harezga,null
Dziony,null
Segar,null
Kanalewska,null
Hrostowska,null
Pa�dziecki,null
Boratek,null
Biegajczyk,null
Narodowic,null
Sm�ci�ska,null
Bo�enius,null
Gowsz,null
Sole�y�ski,null
Ro�lik,null
C�plin,null
Sandakow,null
Kwiej,null
Micy,null
Jantzen,null
Boczej,null
Macha�,null
Baner,null
Burdzy�ski,null
Sachalska,null
Pi�atowicz vel Pi�atowski,null
Laubisch,null
Glai,null
Mrawczyk,null
Che�miniacki,null
Tejkiel,null
Gudo�ska,null
Pasiuta,null
Odo�y�ski,null
Mai�czyk,null
Gruner,null
Pokrewie�ska,null
�ojszczyk,null
Ladwo�,null
Macios,null
P�ucisz,null
Jemr�g,null
Owskiejko,null
�odziano,null
Dypuch,null
Stempi�,null
Gra�y�ski,null
Caciuk,null
Balbusa,null
P�mirowski,null
Turzycka,null
Labisko,null
Gowin,null
Zanoberg,null
Winczak,null
Zatyracz,null
Morszyn,null
Ignatowski,null
��dzik,null
Kurier,null
Ninning,null
�o�udkiewicz,null
Borusie�ska,null
�wierniak,null
Seniur,null
Bobylewicz,null
Brzeskowic,null
Cholawo-Kalinowski,null
Gryff,null
Balwisz,null
Filkiewicz,null
Hulaszcza,null
Staciukowicz,null
Choryt,null
Sysmian,null
Chajn�w,null
Szkopowski,null
Kraj�ta,null
Plantier,null
Smedek,null
Mandziuk,null
Zazel,null
Guryn�w,null
Nadulny,null
Goduch,null
Sforawska,null
Kassprowicz,null
K�adon,null
Poterewicz,null
Opic,null
Domienikowski,null
Rolniak,null
Jarz�biak,null
Kamizelka,null
Karbowniczek,null
Ruszlewski,null
Alberski,null
Jaseniuk,null
Smieja,null
Bogatkowski,null
Kruglicz,null
�wierzanowski,null
Chodiutko,null
Bie�ooka,null
Py�ka,null
Felendzer,null
Banierowska,null
Ciossek,null
Patolski,null
Mikuiska,null
Dranich,null
Zawieszewska,null
Meissner,null
Bajarski,null
Babienko,null
Smorowski,null
Wilczycka,null
Siudziak,null
Hercman,null
Jaukoj�,null
Kontratiuk,null
Polosak,null
Ho�ubiak,null
Czech�w,null
Zielazkiewicz,null
Ryk,null
Mo�dzianowski,null
M�wi�cka,null
Nowokszczona,null
Mylczy�ska,null
Misarz,null
�usztakiewicz,null
Piekutiew,null
Chrusci�ski,null
Pstuszak,null
Dorstmiler,null
Bromiszewski,null
Uszczak,null
Kosiadowska,null
�abul,null
Stainwald,null
Weyner,null
To�ek,null
Ci�cio,null
Swendorowski,null
Chwio�ka,null
Donczewski,null
Fichta,null
Legeny,null
G�oba,null
Lechniewski,null
Kizi�ski,null
Wygarz,null
Awerkin,null
G�glawa,null
Matuda,null
Kolonus,null
Wakienas,null
Skiarz,null
Halulko,null
Krzyza�ska,null
Kentnowski,null
Ma�lonik,null
Dermiaha,null
Kotor,null
Reclaw,null
Kweder,null
�y�ajtus,null
Poliwczak,null
Gazdal,null
Bruzy,null
Karakiewicz,null
Greliak,null
Lebkuchew,null
Rozan,null
Czarski,null
B�kowski,null
Polci�ska,null
Kogu�,null
Koczulla,null
Rotka,null
Fonberg,null
Grisz�w,null
Hope,null
Rebaczenko,null
Gielzuk,null
Ewelka,null
Tryszpiotr,null
Wasieczka,null
Skr�ciak,null
Drywa,null
�awrynczuk,null
Lauchsztet,null
Milba�er,null
Ptawa,null
Bobaryka,null
Siemszko,null
Homlala,null
Mo�dze�ski,null
Holzhausen,null
Grzadzel,null
Furnari,null
M�drych,null
Piwok,null
J�drulak,null
Zdziecha,null
Keb�owski,null
Rippel,null
�awrentjew,null
Safianiuk,null
Adzyma,null
Dowsa,null
Ksi�szkowska,null
Bodziosz,null
Pankalla,null
Pieczalski,null
Jeniecka,null
Migu�a,null
Jerszkowski,null
Wasan�w,null
�migiewicz,null
Dziemienczuk,null
Kosciak,null
Kotermanowicz,null
Kurza�ski,null
Goncioro,null
Kolebnik,null
Ka�arz,null
Kie�,null
Myszarek,null
Hana,null
Czerbieniak,null
R�enno,null
Indro,null
Romonek,null
Bycia,null
Lembkie,null
Golk,null
�aptos,null
Jachu�owski,null
Ko�ape�,null
Penk,null
Nedba�,null
Skofleg,null
Laby,null
Pissing,null
Tarazewicz,null
Sz�ba,null
Giba�owska,null
Soklaska,null
Dziudz,null
Sawirowski,null
Bordzan,null
�nilik,null
Kasproniak,null
Lar,null
Cepli�ski,null
Wa�dczak,null
Palant,null
Ruszuk,null
Tuczak,null
Turif,null
Burchaci�ski,null
Bychcza,null
Kolinczat,null
Liliental,null
Ura�,null
Stecko,null
Bialczak,null
Kulawa,null
Rajnosz,null
Sk�adam,null
Siarko-�wikiewicz,null
Lotyczewski,null
Szwob,null
Kuczborski,null
Gawelczyk,null
Ramdzio,null
Kolaczowski,null
Kahsin,null
Artiemowicz,null
Krzep,null
Miczalec,null
Sko�kiewicz,null
Skoczy,null
Ha�ubnik,null
Sudmann,null
Daniesz,null
Gr��,null
Bejzia,null
Jasiec,null
Golemski,null
Kele-Koehle,null
Wojacik,null
Tomesch,null
Kurzo�,null
Ladna,null
Kostyrko,null
Bia�us,null
Nigot,null
Ziemoch�d,null
Szypilska,null
Stryczna,null
Chudik,null
Ama�owicz,null
Badewska,null
Suchowucka,null
Puder,null
Chalimow,null
Srensson,null
�emier,null
Bajwoluk,null
Charyga,null
Sar�czo,null
Rawojc,null
Woitinkowski,null
Gnacyk,null
St�kiewicz,null
Antoniak,null
Bussmann,null
Kurdal,null
Dzierli�ski,null
�wi�toszek,null
Bojiwko,null
Migdowicz,null
Monkowski,null
Wajsmark,null
Pestraniewicz,null
Bruzolowicz,null
Anoruszkiewicz,null
Skuba�a,null
Fryben,null
Giery�,null
Nowos�aw,null
Wija�a,null
S�omczyk,null
Kotuba,null
Cutkowicz,null
Stamkowski,null
Kosior vel Kosiorek,null
G�raleczka,null
Szypski,null
�upko,null
Mazarkiewicz,null
Gelici�ska,null
Postrzeszcz,null
Hordziejew,null
Krupczu�ska,null
Fidola,null
R��kowski,null
Powilajtjs,null
Anielczyk,null
Sata�a,null
Rogoski,null
Laski,null
Adamasiak,null
Hazi,null
Foll,null
Kostryco,null
Flyborg,null
Mazowicz,null
Retfi�ski,null
Bamel,null
Szamburg,null
Podfilipski,null
Zdzikowski,null
Czenan,null
Koscie�ski,null
Secler,null
Harasymowicz,null
Doktorczyk,null
Bogdanowicz,null
Krakowiecki,null
Rawda,null
Hajze,null
Heinig,null
Dolenda,null
Kastrzewa,null
S�up-Ostrowski,null
Martyszewski,null
Przywora,null
Pivaro,null
Hajewyj,null
Sasinowicz,null
Sorbyl,null
Zyg�owicz,null
Sobalik,null
Tomaskiewicz,null
Pefew,null
Dnuszkowska,null
Myszczyj,null
Cherodzi�ska,null
Wynarczyk,null
J�drisik,null
Bajraszewski,null
Dra�ela,null
Lilejko,null
Op�chowski,null
Rudzy�ski,null
Germa�ski,null
Balarowska,null
Stygner,null
Mareczek,null
Rassek,null
Romansewicz,null
Wywrzycki,null
Werbel,null
Grzegorek,null
Czystoklatow,null
Gr�dolewski,null
Murcha,null
Szyszniewski,null
G�sta�a,null
Aszenberg,null
Kocio�owski,null
Styjek,null
Szczychniak,null
Baczu�,null
Rzyminiak,null
Baczu�,null
Olszan,null
Dek�n,null
Gomaszek,null
Szymelis,null
Ja�ykowska,null
Gwajda,null
Sz�szkiewicz,null
Wiermiejuk,null
Mr�czka,null
Grolak,null
Machrowicz,null
Hokansson,null
Ham,null
Szmydt,null
Krysowaty,null
Szmudonowski,null
Kusiata,null
Putasi�ska,null
Schmiegel,null
Gurszy�ski,null
Bakierowski,null
Siewieniec,null
Dowluszewicz,null
Chomikowska,null
Filypek,null
Bekris,null
Zenczak,null
Glombek,null
Jandeczko,null
Bojka,null
Haerska,null
Legaszewski,null
Sissel,null
Wilgoszy�ski,null
Cyfer,null
Truchata,null
Swidlicki,null
Hannebauer,null
Paciejonek,null
Grabo�,null
Donde,null
Zuzian,null
Gole�,null
Puluk,null
Carzasty,null
Paucz,null
Lorenczuk,null
Maryto,null
Daligo,null
Ksiecik,null
Godzi�bski,null
Brada,null
Popra,null
Tichan�w,null
Podni�na,null
Ulich,null
Materniak,null
Sonaczy�ska,null
Petryczewski,null
Pietrosiak,null
Niewiadoma,null
Borutek,null
Salczak,null
Sa�amacki,null
Roy,null
Lo�ko,null
Glik,null
Kulgawiuk,null
Hachem,null
Trzmelewski,null
Wiekluk,null
Wejngr,null
Wilechowska,null
Bia�czyk,null
Bratosiak,null
Mimowicz,null
Kuniszyk,null
J�draszek,null
Ma�kuszewski,null
Branisek,null
Borzy�kowski,null
Wirbel,null
Zembrowski,null
Koroska,null
Deryniowski,null
Niciszewski,null
B�esnowski,null
Zegarzewski,null
Stabulska,null
Nio�ajuk,null
W�terska,null
Bombke,null
Studzianny,null
Rumasz,null
Koln,null
M�ostyniak,null
�osyk,null
Galbfach,null
Rycabel,null
Demand,null
Dimidczyk,null
Probisz,null
Opac,null
Klemcz,null
Sandra,null
Szaka�uba,null
Rusztejko,null
Zajfred,null
Syrkowiec,null
Honigsfeld,null
Hejno,null
Rynut,null
Czelu�nik,null
Brze�ycki,null
Rurowski,null
Butylska,null
Zawiejski,null
Ok��w,null
Tohak,null
Adamczenko,null
Mielczurek,null
Rad�ko,null
Krysza�owicz,null
Pielarski,null
Sztaberski,null
Ploma,null
Honi�ska,null
Koleweszka,null
Lessaer,null
Nosiadlak,null
Domiecka,null
Krujewski,null
R�ckowski,null
Rozman,null
Ondruszko,null
Walaczek,null
Nak�adnik,null
Pr�dkopowicz,null
Drania,null
Pr�dela,null
�niwoja,null
Epel,null
Budno,null
St�alski,null
Rogenfelder,null
Zakusi�o,null
Dziemka�a,null
Kronberger,null
Krzepur,null
Podgajny,null
Magarewicz,null
Du�awa,null
G�adyszew,null
Munda,null
Priesiekierska,null
Piechow,null
Nikielec,null
Zielinka,null
�ahatorz,null
Genzor,null
Fira�,null
Jobola,null
Barnaciak,null
Falde,null
Strysi�ski,null
W�grzyniak,null
Eggendorfer,null
Dykus,null
Popowicz,null
Sandlewska,null
Kapierz,null
Kizys,null
Ochrzymiuk,null
Gawryszek,null
Odomirski,null
Gojowczyk,null
Lowicer,null
Radycz,null
Slis,null
Gredysz,null
Knej,null
Karnuszewska,null
Machlikowski,null
Rechlich,null
Warpachowski,null
Ossadnik,null
Dziegie�,null
Mo�odrzyk,null
Szkoruta,null
Ruland,null
Hartma�ska,null
Piechotko,null
Sopiecha,null
Pytelkowski,null
Barbanowska,null
M�odychowski,null
Onieszczuk,null
Matoszek,null
Fos,null
Pomy�ka,null
Psuta,null
Grzymowicz,null
Potrucha,null
Bia�z,null
Budy�owski,null
Zab�ota,null
Nawrotkiewicz,null
Koblowski,null
Ramaz,null
Farsiewicz,null
Ha�abuda,null
Balojanis,null
Ima�ski,null
Gedronowicz,null
Owszok,null
Tiurin,null
Zakaszewski,null
Ulbrzych,null
Ga�aguz,null
Brutkiewicz,null
Marozas,null
Sioduszewski,null
Semeran,null
Giedrojc,null
Renczy�ski,null
Wiszewiecka,null
Drzewieniecki,null
Stuk,null
Rozumus,null
Ucinek,null
Parfijanowicz,null
G�rszczyk,null
Czyza,null
Spalwe,null
�ucyan,null
Podskarbnik,null
Smulaga,null
Kozimor-Ledochowska,null
Jask�,null
Arnista,null
Chyrc,null
Langanka,null
Hanczyn,null
Ollick,null
Rochen,null
�ucina,null
Szwagruk,null
Suty�a,null
S�owacki,null
Ga�agus,null
Krzysteczek,null
Sulewski,null
K�dzierzy�ski,null
Hekawe,null
Nesyt,null
Kullande,null
Aspis-Popecki,null
Filmanowicz,null
Belusak,null
W�tko,null
Oradzki,null
Kieronczyk,null
Dytner,null
Rotwand,null
Cwiejkowski,null
Piewek,null
P�czuk,null
Schreder,null
Womela,null
Redzikowski,null
Peceld,null
Skwarowski,null
Czereszkiewicz,null
Spina,null
Ku�aska,null
Gryndzieluk,null
�o�nier,null
�onik,null
Mastalafi�ski,null
Ciri�,null
Trella,null
Martu�,null
Birnia,null
Kupiniec,null
Kierzan�w,null
Pruzionowska,null
Datomis,null
Karipidis,null
Wie�ki,null
Skulski,null
Ohasi�ska,null
�emka,null
Drgo�,null
Stebli�ski,null
Ma�oczyc,null
Knij,null
Chudyga,null
Maleszka,null
Grzenczuk,null
Otr�balski,null
Ignakowicz,null
Beyma,null
Pi�tkowski,null
Kostrub,null
Szuwarowski,null
�ro�ka,null
Konefeld,null
Szczoku�a,null
Wojsznia,null
Wojs�o,null
S�g,null
Grusza�a,null
Grz�stko,null
Siotka,null
Pozda�ska,null
Kiszkur,null
Brasso,null
Banak,null
Kluszek,null
Dritter,null
Grygielewski,null
Gifmi�ga,null
Bernadzka,null
Taba�,null
Krotke,null
Werbiwski,null
Kriwens,null
Kulizek,null
Zielenczuk vel �uli�czuk,null
Lenckowski,null
Luta,null
Borjaniec,null
Orlowski,null
Kordialik,null
Licnerski,null
Bieniaszewicz,null
Boratan,null
Pochala,null
Stach�w,null
Jarmu�yk,null
Opry�niak,null
Kleparsza,null
�ako�,null
Zagrol,null
S�oniszko,null
Koloski,null
Ucz,null
Bilo,null
Lesiak,null
P��cienniczek,null
Gliniecki,null
Chaimer,null
Maksys,null
Piszko,null
Konewka,null
Mazy�ska,null
Lebie�y�ski,null
Bejnerowicz,null
Szejak vel �eak,null
Kornito,null
Ordziewski,null
�remba,null
Szubko,null
Weiselberg,null
Kutwi�ski,null
Pawlanka,null
Mo�oko,null
Mie�koska,null
Piedrzyk,null
Ko�cielan,null
Wyszywana,null
Lenejko,null
Biskupowicz,null
Ku�ownik,null
Sojko,null
Malosa,null
Snawacki,null
Gilc,null
Walczukiewicz,null
Graunsberg,null
Hawroszenko,null
Potkiewicz,null
Kolenda,null
Bonawenturzak vel B�aszc,null
Danco,null
Jakimczak,null
Staruszek,null
Danckier,null
Cudecki,null
Czeras,null
Pawlik vel Pawlikowski,null
Pi�ciak,null
Kozdras,null
Dogel,null
Osemlok,null
Wojtar,null
Pukszon,null
Koszo�ap,null
Jenda,null
Pytkiewicz,null
Koczargina,null
Koniur,null
Borysie�ko,null
Pila,null
Nazariewicz,null
Haruszewicz,null
Siewielec,null
Safarowicz,null
Czornak,null
Jaceszak,null
��ber,null
Angelnik,null
Ferelak,null
Weich�nig,null
Twordo�,null
Niedalistek,null
Domajda,null
Pioskownik,null
Kostanczuk,null
Drodz,null
Kompys,null
Hyczar,null
Zachmielewski,null
Szulborski,null
Komarzycki,null
Czeryka,null
Komendarczyk,null
Hamelij,null
Sedecki,null
Echolc,null
Petyniak,null
So�nin,null
Trandyk,null
Naokr�t,null
Korunowicz,null
Ranz,null
Oszowicki,null
Nardi,null
Siemp,null
Rzeszewski,null
Blukot,null
Kosiewicz,null
Hegman,null
Duport,null
Modl,null
Czyrnal,null
Kondzia�kiewicz,null
Perwelik,null
Puciaty,null
Niko�ajuk-Stasiuk,null
Rymorkiewicz,null
Czyrz,null
Celadyn,null
Roczatnik,null
Roszy�ski,null
�rebecki,null
Baziewicz,null
Ittner,null
Hansch,null
Chernes,null
Kroszczek,null
Juryczyn,null
Nissel,null
Gurtiak�w,null
Kila�czyk,null
Ja�o�ski,null
Brze�owski,null
Ko�uniak,null
Dow�yk,null
Berbasz,null
Falkenflick,null
Saron,null
Jasiuniec,null
Fabisch,null
Bordon,null
Tynalewski,null
Klingenfuss,null
Bizior,null
Kozakiewicz,null
Rypson,null
Sad�ow,null
Szuchner,null
Mamontjuk,null
Buchi,null
Renasz,null
Sci�g,null
Kaczeszewski,null
Browisz,null
Piestek,null
Syndler,null
Webel,null
Boboryk,null
Podgrudna,null
Garaczow,null
Marschner,null
Pa�niak,null
Kritschker,null
Smelczysz,null
Przebiuda,null
W�ci�owicz,null
Luczewski,null
Kierps,null
Szymerda,null
Schley,null
Kleander,null
Kalaparska,null
Baczulak,null
Umijewski,null
Byskorz,null
Gajcka,null
Tynderynda,null
Banysz,null
Krul,null
Ja�dzie�ska,null
Reimert,null
Krafi�ska,null
Macirakowski,null
Gerkes,null
Paroszewska,null
Hory�a,null
Carl,null
Liston,null
Latachowicz,null
Starkiel,null
�ydro�,null
Arabadzis,null
Hebaj,null
Rastafali�ski,null
Tymczuk,null
Miroch,null
Dziana,null
Karnaszewski,null
Budoniecka,null
Borowicki,null
Pelich,null
Rusacz,null
Fader,null
Pie�kow,null
Chadrzak,null
Bihna,null
Gu�da,null
Awners,null
Gr�tkowski,null
Klicki,null
Sukiert,null
Zamejski,null
Doberstyn,null
Tylner,null
Ho�owerska,null
P�owi�ski,null
Senyczak,null
Wiewiorra,null
Cichmejster,null
Knyjszczyk,null
Rezpondek,null
Tru�,null
Kollmay,null
Eleksin,null
Klimarska,null
Araminas,null
Ziomko,null
�wiekatowski,null
Krytasiak,null
Kie�zak,null
Nalzak,null
Nadary�ski,null
Nawotny,null
Cha�ecka,null
Siach,null
Gulicki,null
Bochanek,null
Teuer,null
R�nialski,null
Cioran,null
Bunicz,null
Kruhiej,null
Salczyk,null
Hejmanowicz,null
Froegel,null
Lewizerowicz,null
Bielczenko,null
�wercz,null
Jagniatowski,null
Ko�anowski,null
Czerezdrecki,null
�ydomorski,null
Malowaniuk,null
Sytykiewicz,null
Pawlej,null
Diaszkiewicz,null
Hyblik,null
Pledziewicz,null
Kierbic,null
Koszlewski,null
Kanabrodzki,null
�a�kowska,null
Kumornicka,null
Sieniucz,null
Otka�o,null
Jarce,null
Kut�era,null
Zamiat,null
Kuc�w,null
Bernajtajtys,null
Cwi�ka�a,null
Na�owy,null
Sztuller,null
Olbrzy�,null
Meiduk,null
Schuster,null
Mordz,null
Rud�lf,null
Wawrzik,null
Kio�czyk,null
Szczepaniszyn,null
Dzwilewicz,null
Mierny,null
Kreciuk,null
Zamoryn,null
W�gelski,null
Sasorski,null
Gondka,null
Nynek,null
Wiecho,null
Zatwornicki,null
Krzesaj,null
Szwata,null
B�aziak,null
Memches,null
Kogucik,null
Kotas,null
Kuczek,null
Mi�ksiak,null
Szu�ecki,null
Kaman,null
Petorsky,null
Wichelis,null
Koniczniak,null
Genrich,null
Neimann,null
Patschul,null
Przytula,null
Sztela,null
Walachowski,null
Pabiaszczak,null
Jamikowski,null
Szyre�,null
Lowska,null
Gatniejewski,null
Szremata,null
Kudan,null
S�tek,null
Orynek,null
Ku�ynycz,null
Dyma�a,null
Swi�tach,null
Sinicki,null
Barnyk,null
Majterek,null
Durydiwka,null
Paff,null
Pszulna,null
B�a�eczyk,null
Lauruk,null
Wy�ygalska,null
Chemski,null
Passon,null
Ka�,null
Naczek,null
Wielesiewicz,null
Bodja�ski,null
Stachno,null
Wegrzyk,null
Moddelmog,null
Iwoniczko,null
Tolewicz,null
Dashoun,null
Baloch,null
Wyciskiewicz,null
Nahajuk,null
Fedeczka,null
Dobryjanowicz,null
Koflicka,null
Czaplanka,null
Ewrtowski,null
Farek,null
Juchta,null
Boulge,null
Mieczys�aw,null
Galiga,null
Jamruszka,null
Ko�nierek,null
Szwandu�a,null
�arbecki,null
�mierci�ska,null
Po�ledzki,null
Surgowt,null
Fel�g,null
Karytka,null
Soga,null
Broszkiewicz,null
Rickmann,null
Ty�bierek,null
Tere�ska,null
Scha�kowski,null
Kierzyjonek,null
Szczygo�,null
Sugak,null
Gwie�dzi�ski,null
Liolis,null
Gett,null
Bistyga,null
Balabu�,null
Dru�dz,null
Zaku�ewski,null
Cyrjak,null
Piupacz,null
Gieb,null
Czarnowojtek,null
Zo�ucha,null
Topisz,null
Rupan,null
Nickelweit,null
Olewinicki,null
Ziarnecki,null
Ma�ecki Owczarek,null
Praz,null
Schonhofer,null
Kryjer,null
Galanc,null
Brosze,null
Deschner,null
�abowicz,null
�ulewicz,null
Grubelny,null
Simbierowicz,null
Zadomski,null
Frydryk,null
Kichnicka,null
Czoch�w,null
Filcek,null
Jachar,null
Sabia�ska,null
Hewrycz,null
Stachaczewska,null
Witelski,null
Mate�ko,null
Grabe�usz,null
Utkowski,null
Grubar,null
Manuszyniec,null
Stoltna,null
Paszczewski,null
Nahrebecki,null
Nenckowska,null
Swierzbio�ek,null
Dudaref,null
Szuchi�ski,null
Burcza,null
Czoka�ska,null
Matziari,null
Wojciulo,null
Filim,null
Witasik,null
Beskostny,null
Boru�,null
Dyliniak,null
Chocha�ek,null
Niezbecki,null
Urak�w,null
Iwin,null
Ciwantuch,null
Kornet,null
Rzeczechowski,null
Piocha,null
Fatu�,null
Posto�owski,null
Haigenbarth,null
Reimsch�ssel,null
Kreszczanowska,null
Gudeli�ska,null
K�pi�ski,null
Og�rka,null
Autuchiewicz,null
Wola,null
Sztetyn,null
Zy�kowicz,null
Ryznel,null
Czuprynko,null
Zblichalska,null
Pasztelan,null
Pisalski,null
Pallaszke,null
Bia�aczyk,null
Radelecka,null
Turek,null
Toniakiewicz,null
Szamrad,null
Cze�licki,null
Jopkiewicz,null
Nagarowicz,null
Polo�czuk,null
Songin,null
Ga�udzi�ski,null
Ku�miak,null
Kwartalski,null
Anksztulewicz,null
Cybularz,null
Jarmozy,null
Holeszko,null
Reinik,null
Sarti,null
Nekwapil,null
Ordynat,null
�ygielewicz,null
Ko�ciu�ko,null
Fiebig,null
Pepczy�ski,null
Danai�ow,null
Patock,null
Del�,null
Gensieniec,null
Jerominek,null
Katarowicz,null
Langhans,null
Szyminiak,null
Smytryk,null
Roskaniec,null
Klajnest,null
Korczycki,null
Pszczel,null
Spliter,null
Chyrek,null
Do�ewska,null
Stratanowski,null
Dopner,null
Rischke,null
Ce�narowski,null
Antrzak,null
Micho�owska,null
Awrecewicz,null
Cituk,null
Pakuszy�ski,null
Swierszko,null
�o�edziowski,null
Lapunow,null
Gojny,null
Szrapkiewicz,null
M�drz�k,null
�e�tonowski,null
Kliniak,null
Cwilong,null
Rulik,null
Kettlitz,null
Kuchaj,null
Nowoso�ow,null
Zwolski,null
Szuchraj,null
Dincklage,null
Subotkin,null
Stasiak On�e Staszewski,null
Hu�ak,null
Trepczyk,null
Swirczy�ski,null
Szwakowska,null
Pa�niewicz,null
Koszucha,null
Kupibida,null
Maldyn,null
Kuczaik,null
Nawalna,null
Bagut,null
Bamborski,null
Adloff,null
Ja�wik,null
Niewiadowicz,null
Terens,null
Torencz,null
Bulinger,null
�apott,null
Haraszczak,null
Specya�,null
�iska,null
Stoltz,null
Popiernik,null
Burzlaff,null
Trepiet,null
Leff,null
Racabado,null
Medyj,null
Likwiarz,null
Kufla,null
Czoch�w,null
Zimarzysko,null
Leckowicz,null
M�lak,null
Sy�ycki,null
Kurcwajl,null
Klebankowicz-Berezowska,null
Kurbaniak,null
Olst,null
Biemiarz,null
Przyszczepowski,null
Psowska,null
Petrkowska,null
Wrzoska�a,null
Sygnara,null
Bachla,null
Kottus,null
Lupinowicz,null
Poklepa,null
Szergowicz,null
Knisi�ska,null
Gasowski,null
O�cianko,null
Go�gowski,null
�l�czkowski,null
Pistu�,null
Miadie�ko,null
Pechiel,null
Windolf,null
Andrys,null
Huba�a,null
Gasztyn,null
Zanalich,null
Brewer,null
Swiatope�k,null
Sz�der�ata,null
Kolosiewska,null
Kosnowicz,null
�aszuk,null
Szlajnik,null
Wawrzacz,null
Korantowski,null
Firmandy,null
G�aszka,null
Wociur,null
Chytek,null
Wrodycki,null
Sto�a�,null
Nieworaj,null
Napierowicz,null
Pitruli�ski,null
Sard,null
�agienowicz,null
Giuda,null
Iwlijew,null
Garycha,null
Neumuller,null
Kieliszak,null
Malamowska,null
Pillich,null
Czu�ak,null
Bruc,null
Jo�gin,null
Rze�awi�ski,null
Gol�ci�ska,null
Uwija�a,null
Kocster,null
Memza,null
Gomann,null
�miejko,null
Losvik,null
Psomas,null
Kurzecki,null
Ejzerner,null
Labecki,null
Ingram,null
Welszyng,null
Rz�dzioch,null
Legumi�ski,null
Kieszowski,null
Bernezy,null
G�b�a,null
Gnioska,null
Szybkie,null
Smie�owski,null
Linczyc,null
W�adysiuk,null
�redniawa,null
Tera�niewski,null
Hiki,null
Ha�upa,null
Atmin,null
Kartusi�ska,null
Macijak,null
Frontek,null
Cezary,null
�yglica,null
Skerkowski,null
Stobicki,null
Grawzel,null
Siano��cki,null
Kozy,null
Inzikiewicz,null
H�drykowska,null
Kietel,null
Ruedigier,null
Szalikowski,null
�uniew,null
Tetmer,null
Na��gowski,null
Mierodka,null
Doskoczy�ski,null
Diament,null
Roumani,null
Prytulak,null
R�zczak,null
Lukic,null
Duport,null
Girlich,null
Klappauf,null
Szypla,null
Gorbudzik,null
Mosner,null
Dzi�bek,null
Kiere�cew,null
Koczo�ap,null
Jamrozowicz,null
P��ka,null
Symczuk,null
Hussein,null
Wygry�o,null
Mielcuszny,null
�abelski,null
�niczy�ska,null
Andrejcza,null
Piazda,null
Wo�niczko,null
Kofin,null
Dzieza,null
Aniotek,null
Pia�ciuk,null
Zaustowicz,null
Stech�y,null
Zurawik,null
Baku�czyk,null
Jakubus,null
Solachewicz,null
Banitzki,null
Mastali�ski,null
Grzewaczewski,null
Barajew,null
Biergius,null
Nymsz,null
Preidal,null
Dorozko,null
Jugendfein,null
Ulkie,null
Dumarat,null
Lali�ska,null
Misieli�ski,null
Furgat,null
Pisklewicz,null
Roma�,null
Hwedyk,null
Szark,null
Wyrostko,null
Cz�apczuk,null
Wieloba,null
Atrielska,null
Boborowski,null
Babina,null
Kaku�ka,null
Ko�pa,null
Chwin,null
Trantas,null
Klekowiecki,null
Cybyla,null
Downor,null
Sygiet,null
Halmonowicz,null
Ga�uszkanycz,null
Recha�kiewicz,null
�mujdzin,null
Bogatela,null
Okowiecki,null
Gasto�,null
Skrzydli�ski,null
