Czytanie,null
Fotografia,null
Gry komputerowe,null
Gra na instrumencie,null
Kolorowanki,null
Oglądanie seriali,null
Oglądanie filmów,null
Pisanie listów,null
Słuchanie muzyki,null
Spacerowanie,null
Śpiewanie,null
Spacer,null
Muzyka,null
Motoryzacja,null
Gotowanie,null
Hodowla pszczół,null
Hodowla,null
Makijaż,null
Parzenie kawy,null
Parzenie herbaty,null
Pieczenie,null
Pielęgnacja skóry i ciała,null
Reperowanie,null
Przeróbki,null
Renowacje,null
Majsterkowanie,null
Robienie piwa,null
Robienie nalewek,null
Robienie wina,null
Robienie przetworów,null
Sprzątanie,null
Upcycling,null
Uprawa ogrodu,null
Uprawa roślin domowych,null
Zdrowe odżywianie,null
Zielarstwo,null
Bieganie,null
Gimnastyka,null
Gimnastyka artystyczna,null
Gra w golfa,null
Jazda konna,null
Jazda na rolkach,null
Jazda na wrotkach,null
Jazda na deskorolce,null
Kręgle,null
Lekkie ćwiczenia i rozciąganie,null
Odbijanie piłek paletkami,null
Sporty siłowniane,null
Siłownia,null
Sporty walki,null
Walki,null
Sporty wodne,null
Sporty zespołowe,null
Sporty zimowe,null
Strzelanie z łuku,null
Sport,null
Sztuki walki,null
Taniec,null
Wędkarstwo,null
Carving,null
Ceramika,null
Decoupage,null
Dekoracja ciast,null
Dzierganie,null
Farbowanie,null
Malowanie tkanin lub ubrań,null
Malowanie tkanin,null
Malowanie ubrań,null
Fiejter,null
Filcowanie,null
Florystyka,null
Układanie bukietów,null
Haftowanie,null
Kaligrafia,null
Lepienie z masy solnej/plasteliny/modeliny,null
Lepienie z modeliny,null
Lepienie z plasteliny,null
Lepienie z masy solnej,null
Makrama,null
Malowanie,null
Origami,null
Kirigami ,null
Patchwork,null
Majsterkowanie,null
Modelarstwo,null
Tworzenie makiet,null
Robienie własnych kosmetyków,null
Robienie własnych świec,null
Robienie kolaży,null
Robienie z masy papierowej,null
Robienie naklejek na szkło,null
Robienie notesów,null
Robienie witraży,null
Rysowanie,null
Rzeźbiarstwo,null
Stemplowanie,null
Suszenie kwiatów,null
Robienie zielników,null
Szycie,null
Szydełkowanie,null
Tkanie,null
Tworzenie biżuterii,null
Wikliniarstwo,null
Wyplatanie ,null
Aktorstwo,null
Stand up,null
Stand-up,null
Zajęcia z improwizacji,null
Analiza kolorystyczna,null
Analiza stylu,null
Grafika komputerowa,null
Animacja,null
Modelowanie,null
Modelowanie 3D,null
Blogowanie,null
Kręcenie filmów,null
Montaż filmów,null
Miksowanie muzyki,null
Tworzenie muzyki,null
Pisanie wierszy,null
Pisanie książek,null
Programowanie,null
Postprodukcja ,null
Obróbka zdjęć,null
Fotomontaż,null
Projektowanie ubrań,null
Projektowanie dodatków,null
Projektowanie wnętrz,null
Gra w bilard,null
Gra w snookera,null
Gra w szachy,null
Gra w warcaby,null
Gra w karty,null
Gra w planszówki,null
Nauka języka,null
Puzzle,null
Rozwiązywanie krzyżówek,null
Astronomia,null
Chodzenie na koncerty,null
Koncerty,null
Inwestowanie,null
Oglądanie meczów sportowych,null
Piłka nożna,null
Pomoc,null
Smakowanie dań,null
Smakowanie win,null
Smakowanie herbat,null
Smakowanie czekolady,null
Zwiedzanie,null
Odkrywanie,null
Rekonstrukcje,null
Rekonstrukcje historyczne,null
Biwakowanie,null
Wyjazdy,null
Surwiwal,null
Górskie wędrówki,null
Wędrówki,null
Paintball,null
Podróżowanie,null
Loty w tunelu aerodynamicznym,null
Skoki na bungee,null
Skoki na spadochronie,null
Wspinaczka wysokogórska,null
Genealogia,null
Gra w rzutki,null
Samochody,null
Motocykle,null
Piłka siatkowa,null
Siatka,null
Baseball,null
Skoki narciarskie,null
Kolekcjonerstwo,null
Kolekcjonowanie rzeczy,null
Kolekcjonowanie,null
Manga,null
Anime,null
Żonglowanie,null
Elektronika,null
Ogrodnictwo,null
Garncarstwo,null
Jazda na rowerze,null
Jazda samochodem,null
Jazda konna,null
Konie,null
Zwierzęta,null
Psy,null
Koty,null
Rower,null
Drift,null
Offroad,null
Off-road,null
Gra na flecie,null
Gra na skrzypcach,null
Gra na fortepianie,null
Zagadki,null
Rozmowy,null
Zegarki,null
Telefony,null
Smartfony,null
Tablety,null
Laptopy,null
Nowe technologie,null