Paraszczyj,null
Brzukajc,null
Konsten,null
Stawan,null
Hamacher,null
Niemakowski,null
Sechaman,null
Rak-Ejma,null
Boniuszewicz,null
Kaliton,null
Szewczyczak,null
Hormatkiewicz,null
Romell,null
Dolepski,null
Kupkowski,null
Krenca,null
Wilgot,null
Ludwinowski,null
Kocio�a,null
Kotzner,null
Syp,null
Gidmański,null
Dabor,null
Laus,null
Jendryschik,null
Hamrowicz,null
Trajgut,null
Madzyńska,null
Gumbiowska,null
Kwieryga,null
Prosinowski,null
Mikula,null
Zdarzyk,null
Prauszke,null
Pikun,null
Ignatyszcz,null
Gorbat,null
Koczkowski,null
Stronca,null
Wdowiec,null
Trybuniak,null
Toba,null
Belzerman,null
Ziabapca,null
Ściupido,null
Prescher,null
Grdo,null
Borczewicz,null
Hadowski,null
Babolicka,null
Jarochin,null
Szpryngier,null
Sado,null
Dygas,null
Mollas,null
Saładziaczek,null
Kuenne,null
Gogwin,null
Bieniusia,null
Gabiński,null
Kisza,null
Bładejczy,null
Gulmontowicz,null
Rozpondek,null
Wasak,null
Konoszewicz,null
Horodziej,null
Dróżek,null
Abramant,null
Hrysio,null
Kiszenia,null
Tombakiewicz,null
Mikitnik,null
Truba,null
Kurbel,null
Tybera,null
Zalisz,null
Letczeniak,null
Stamplikowski,null
Krasnościak,null
Jaryszowicz,null
Czera,null
Cherba�ski,null
Miaczkowski,null
Lorenczuk,null
Ju�wiszyn,null
Ogonowicz,null
Motawski,null
Mostowski,null
Woronin,null
Korniejewicz,null
Aty�a,null
Cybulkin,null
Swyszczak,null
Barandowski,null
Ost�powska,null
Wojczechowski,null
U�cim,null
Lisceski,null
Prewentowski,null
Szczewi�ski,null
Selmowicz,null
Seyk,null
�ogutko,null
Herendziak,null
Zniewiarowska,null
Hnatyszek,null
Niescyry,null
Laufenberg,null
Brzoko,null
Berestek vel Kalinowska,null
Mamica,null
Trendota,null
�opatta,null
Radacz,null
Sigburg,null
�odoszy�ska,null
Termeno,null
Misewicz,null
Nierod,null
Dowchij,null
Gielka,null
Ziorkowski,null
Piskorewicz,null
Ho�owniak,null
Michaszczak,null
Stacherzka,null
Chi�niak,null
Niechwiedziewicz,null
Zniszczok,null
Tasi�ski,null
Wereski,null
Drepsa,null
Chodoniecka,null
Cermak,null
Kohlmann,null
Chor�ziak,null
Mar�dzka,null
Taubo,null
Filatiew,null
Wla�lak,null
Montmory,null
Deletowska,null
Pieczak,null
Kupa,null
Josifow,null
Dobian,null
Kowarzan,null
Pycyga,null
Bawalski,null
�wi�czka,null
Bielic,null
Mortek,null
Herbatiuk,null
Galass,null
Malke,null
Fortonka,null
Fedyszak,null
Kierakiewicz,null
Szy�o,null
Kasprzuk,null
Radko,null
Chmay,null
Ryszczyszyn,null
Konczurzewska,null
Gradzisz,null
�erebiec,null
Wiereska,null
Hasenritter,null
Rosetek,null
Pe�yna,null
Hurty�,null
P�acyna,null
Niziom,null
Mosalski,null
Wawrzo�,null
Bubienec,null
Bieluch,null
S�opatka,null
Szapiel,null
Sanwajtys,null
Mingielewicz,null
Baglik,null
Dr�ka,null
Ungurenko,null
P�ndowska,null
Bruchajzler,null
Kominiarek,null
Hornotkiewicz,null
Dorgosz,null
Wielgo�aski,null
Burczik,null
Benedyczuk,null
Chachrowska,null
Szul�y�ska,null
Wolke,null
Olesiewska,null
Fedewska,null
Czapkajor,null
Fortas,null
Tamer,null
Drawski,null
Ulk,null
Utlik,null
Oschler,null
Rzepedzki,null
Pomiankiewicz,null
Staniowski,null
Dzbankowski,null
Tesarewicz,null
Budzige�,null
Dechowicz,null
Chraboszcz�wicz,null
Kronata,null
Kramkiewicz,null
Fudalski,null
Gennicz,null
Komdraciuk,null
Martzall,null
Hajdysz,null
Szwerynowicz,null
Godziewski,null
Go�uska,null
Pe�eszok,null
Dybila,null
Rzantkowski,null
Gaponik,null
Piechnio,null
�niedziowski,null
Zagolska,null
Nami�lik,null
Rynnik,null
Wierzchowiec,null
Piesko,null
Rempalski,null
Ci�ciara,null
Follmueller,null
Gardorz,null
Kosi�r,null
Kawsiborska,null
La�niak,null
Kwiatko,null
Tempas,null
Gahobis,null
Kuczej,null
Rylling,null
Motoczy�ski,null
Fu�czak,null
Matschulak,null
O�urkiewicz,null
Wehner,null
Pakl,null
Laubsch,null
Szczybrocha,null
Minster,null
Rybiarczyk,null
Kubabski,null
Werczak,null
Ja�ukowicz,null
Dzostak,null
Garbarczuk,null
Turlin,null
Mytrysz,null
Giedroyc,null
T�ciorowski,null
Ridwelski,null
Go�ogowski,null
Kluczok,null
Maku�y�ska,null
Natulczyk,null
Kaliniec,null
Bu�owski,null
Taboka,null
Orelecki,null
Delczechowska,null
Winzer,null
Gnysi�ski,null
Buresz,null
Sienczewski,null
Chutek,null
Kadir,null
Schneller,null
Moczyrog,null
Ropell,null
Saletrowicz,null
Risiak,null
Frokowska,null
Waldeck,null
Sztech,null
Rogulski,null
Dawiczewski,null
Fechlauer,null
Wuerfel,null
Skocki,null
Zi�bal,null
Malczenko,null
Breining,null
Kakaryga,null
Lekwarska,null
Aniszczak,null
Mackford,null
Rydyk,null
Chaba,null
Karamudzka,null
Zdunak,null
�wizdor,null
Haltapa,null
Muralewicz,null
Jagielik,null
Chaskiewicz,null
Polewany,null
Miszki�,null
Dyncer,null
Kuliberga,null
Lorenty,null
G�ntzel,null
Mliczkowski,null
Trajnarska,null
Czach�ra,null
Bizacki,null
Charbros,null
Herck,null
�opacie�ski,null
Dorodnicki,null
Wachstiel,null
Rossoszko,null
Doleza,null
Pakut,null
Kostyszyn,null
Pondrak,null
Domuradzki,null
Ho�derny,null
Pydik,null
Bordnik,null
Ludwiekowski,null
Stoch-Michna,null
Trybulak,null
Polanisz,null
Pramek,null
Pachulec,null
Klemusz,null
Gregotowicz,null
Forstner,null
Brodawka,null
Lubowicz,null
Pierszke,null
Wis�owski,null
Makotowicz,null
Buyko,null
Krasiewska,null
Sok�,null
Skwareczek,null
Gronalewski,null
Pruchniawska,null
Onitson,null
Pude,null
Bluchowska,null
Kaszczyszyn,null
Macziuga,null
Petruchowska,null
Parka,null
Malanka,null
Gostonczyk,null
Stacherzka,null
Kierbiec,null
Ryka�o,null
Chendo�ka,null
Frydrowska,null
Janda,null
Kapatta,null
Wiszkon,null
Meresta,null
Sworka,null
Jendrajczyk,null
Smakuszewski,null
Goetz,null
Kutwasi�ski,null
Foszman,null
Barhat,null
Mo�aryn,null
Adamusiewicz,null
Kucyga,null
Miroforidu,null
Oskory,null
Folnalczyk,null
Cupry,null
St�pczy�ski,null
Sromski,null
Jonowy,null
Nenger,null
Zawiachel,null
Mazarski,null
Zaszczud�owicz,null
Wado�owski,null
Marzyk,null
Swierbel,null
Nurek,null
Buca�a,null
Usenko,null
Jeruzin,null
Ole�ko,null
Rycelski,null
Smereczko,null
B��czkowska,null
Cicholewski,null
Morgata,null
Ku�biak,null
Chulist,null
Dziedziniewicz,null
Tepper,null
Patyrak,null
�uchi�ski,null
Wierzchaczewski,null
Niedob�cka,null
Stalczewski,null
Ku�tynowska,null
Zbra�ski,null
Czerniec,null
Kasidroga,null
Koindek,null
Gnatek,null
Abrams,null
Tura�ski,null
K�bik,null
Koropaczy�ski,null
Krysman,null
St�ckiewicz,null
Ba�tun,null
Wolkowiak,null
Schiffer,null
Melgler,null
R�karek,null
Horak,null
Cho�ko,null
Saladra,null
Perewoznyk,null
�oboda,null
Paczyk,null
Adulczuk,null
Konaczewska,null
Waszylewicz,null
�otyszy�ska,null
Gerka,null
Bibr,null
�widniczak,null
Micha�kow,null
Hellas,null
Dykszewski,null
Pi�mienna,null
M�cikalski,null
Wypi�rkowicz,null
Szargan,null
Zelno,null
Hamczlak,null
O��g-Orzegowski,null
Mollus,null
Harasimowski,null
Gry�an,null
Rakusiewicz,null
Ankler,null
Kuchniak,null
Agustynowicz,null
Ladenberg,null
Sznid,null
Szafluga,null
Molisak,null
Pokwiczo�,null
Bry�kowska,null
Strzelka,null
Dryjo,null
Hyps,null
Gorczkowski,null
Kuroski,null
Ka��dkowski,null
Opie�ko,null
Gregus,null
Helzig,null
Kupala,null
Gniotkiewicz,null
Bilejszys,null
Szetner,null
Drza�dzi�ska,null
Raszajewska,null
Bochorodycz,null
Singier,null
Kara�kiewicz,null
Kmiot,null
Pa�a�ej,null
Usma,null
Hergessel,null
Citak,null
Koniewiecka,null
B�d�mierowska,null
Zdas,null
Habant,null
Mlok,null
Lokarowicz,null
Buc�aw,null
Obodiak,null
Szaudra,null
M�ndrek,null
Klimosora,null
Gracja,null
Orlof,null
Clark,null
A�gu�ci�ska,null
Karwa�ski,null
Owsi�ski,null
Kultienko,null
Ba��kowski,null
Rochowczyk,null
Ciepuchowicz,null
Dobyk,null
Bugara,null
Go��biarz,null
Bernot,null
�pionkowski,null
Dolanc,null
Silwo�czuk,null
Cwenar,null
Teizler,null
Be�wa,null
Rybok,null
Winczek,null
Kinecki,null
Walluta,null
Obeid,null
Cargier,null
Ro�umek,null
Belcerska,null
Marcalik,null
Stichling,null
Oklesiak,null
Matthaei,null
Sudnik-Hryniewicz,null
Kolarek,null
Geper,null
Pontrys,null
Gocerz,null
Lezan,null
Kotaska,null
Jarry,null
Toman,null
Mamcz�r,null
Nyczowski,null
Haide,null
Finklesztajn,null
Sa�atek,null
Drake,null
Grosso,null
Procowski,null
Praj�ner,null
Rejdukowski,null
Kapahnke,null
Hawi�czyk,null
Zbrzezna,null
Grymin,null
Mrewca,null
Marylak,null
Rapenda,null
Anflik,null
Basalak,null
Kaczalski,null
Hischer,null
Bubienec,null
Szubara,null
Sowizdzia�,null
Brekczy�ska,null
Dziew�lski,null
Klajnys,null
Cabral,null
Ugliczek,null
Zarobna,null
Masser,null
Musid�,null
Dledziewska,null
Niesabska,null
Engielczyn,null
Zgrajczuk,null
�uluk,null
Dziermaga,null
Hajdusz,null
Kielon,null
Hucher,null
Mieniaj�ow,null
Kaschel,null
Mierzlak,null
Godszald,null
Puszcza�kowska,null
Futrzyk,null
Wyszowski,null
Szmangiewicz,null
Bo�truczuk,null
Demkura,null
Dajka,null
Prejzendac,null
Baraczewski,null
Maradus,null
Czernionka,null
Medlarski,null
Falarzy�ska,null
Ninc,null
Miszczych,null
Szromba,null
Rossalski,null
Sobezak,null
Walles,null
�ybik,null
Pietrza�kowska,null
Kasorski,null
Warszczewska,null
Fi�,null
Kanpczyk,null
Cybuli�ski,null
Kosajda,null
Ziubroniewicz,null
Glanter,null
Chlipi�ska,null
Klimankowicz,null
Pietroczek,null
�ompara,null
Balo�,null
Moj�eszko,null
Senita,null
Lebionko,null
Angelski,null
Nadaczny,null
Czepowski vel Ciepowski,null
Dulas,null
G�sienica-J�zkowy,null
Tyton,null
Ajdukonis,null
Szefczyk,null
Andrejew,null
Przybyniak,null
Seliwiak,null
W�osek,null
Terfenko,null
�wier�,null
Jurusik,null
Giepchardt,null
Chorak,null
Grzychacki,null
�atuchowski,null
Terebiec,null
Osta�kowicz,null
Suro�,null
St�ka,null
Weromiejczyk,null
Parilla,null
Moczy�o,null
Cierpnik,null
Sledlinski,null
Ko�osna,null
Bigucka,null
Chician,null
Stering,null
Mieca�a,null
Hillebrandt,null
Ropelewski,null
Skroniecki,null
Zolich,null
Oesterreich,null
Ciecharzewski,null
Furge,null
Dziejowski,null
Bochun,null
Jaziewycz,null
Hryndio,null
Szpandlik,null
D�brat,null
Zima�ska,null
Driga,null
Bomgare,null
Doleza,null
Chon,null
Barbe�,null
Cho�ajewicz,null
S�ka�a,null
Koepp,null
Koca�,null
G�ugos,null
Hoinca,null
Ch�api�ski,null
Fedusiuk,null
Po�ubiejko,null
Polowczyk,null
Soitz,null
Wiaszewska,null
Sebisz,null
Gusto�,null
Kupu�ciok,null
Zi�ba,null
Katuziak,null
Rozpleszcz,null
Dudar,null
Gajdulewicz,null
Siewierz,null
Rong,null
Imgrut,null
Vrani�,null
Gromadecki,null
Kanionka,null
Rosochowicz,null
Del�,null
Dunda,null
Fenyk,null
Hatlopa,null
Colec,null
Wician,null
Jameliniec,null
Podymna,null
Rud�a,null
Machrak,null
Szlesike,null
Bigoj,null
Liwarski,null
Kreiger,null
Kirszinger,null
Klyscz,null
Jattczak,null
Rous,null
Iszy�ski,null
Burwitz,null
Radeczko,null
Stacho�-Szymk�w,null
Retmanczyk,null
W�sicki,null
Orgodnik,null
Skory�,null
Stroszejn,null
G�ga�ka,null
Heitman,null
Kasechuba,null
Padyka�a,null
Kawaczek,null
Zysblat,null
Jadzin,null
Sylwach,null
Dwociarska,null
Geszkiewicz,null
Sardysiak,null
Pranek,null
Kunacki,null
Kl�sak,null
Fen�wka,null
Hobrowicz,null
Hejnej,null
Szulasa,null
Braktowski,null
Chrupa,null
Kunajew,null
Nowarkiewicz,null
Dorowiak,null
Hauco,null
Dernowski,null
Poznysz,null
Hlupic,null
Dytl�w,null
Zago�dzan,null
Czeszko,null
Haiduk,null
Styborowski,null
Schuhardt,null
Gurdak,null
Sauerman,null
Szpalewska,null
Wojanek,null
Kotfis,null
Ost�ka,null
Krowiorz,null
Bramowicz,null
Konuszek,null
Ruppik,null
Cha�ubiec,null
Sniemota,null
Chocia�ko,null
Zegzda,null
Bieniuk,null
Smika�a,null
Ba�dycki,null
Tchan,null
Tybor,null
Poznar,null
Chuchryta,null
Gallbas,null
Klimontowski,null
Conkier,null
Dusella,null
Pie�ga,null
Czarnoja,null
Plauch,null
G�ga�o,null
Dziwela,null
Ba�tusz,null
Dzime�yk,null
Deinek,null
Sztalt,null
Obodiak,null
Koncia�a,null
Sieczy�ski,null
Salamonczyk,null
Putura,null
Ausztukanis,null
Pomin,null
Jeremczuk,null
Amuszkiewicz,null
Prisenko,null
Matera,null
Szczypakowska,null
Moholska,null
Prohna,null
Sewelenko,null
Aleksanberg,null
Reincholc,null
Makalarczyk,null
Swieboda,null
Hernel,null
Husejnow,null
Modra,null
Heika,null
Matwin,null
Barchaniewicz,null
Mazon,null
Skobala,null
Witczyn,null
Szyku�o,null
Kundelik,null
Nartanowicz,null
Szyfers,null
Szterlus,null
Piotek,null
Czergiejko,null
Gr�ewska,null
Krei�ska,null
Pillach,null
�ondek,null
Udzielak,null
Tr�cewicz,null
Aufrichter,null
Ludziewska,null
Korszen,null
Kiklicka,null
Chwiedosik,null
Burowiec,null
D�bkiewicz,null
Dudaronek,null
Tahel,null
Petarz,null
Rancow,null
Kostrupski,null
Kardierz,null
Huet,null
Adameczek,null
Czemodurow,null
Gacke,null
Ger�,null
�opacz,null
Kozarcz,null
Komisar,null
Kurdub,null
Ho�ejko,null
Bagger,null
Dymitrin,null
Nizi�rski,null
Wilawer,null
Scheliga,null
Batwi�ska,null
Pietranczyk,null
Kabott,null
Czuli�ski,null
Scheithajer,null
Kmicikiewicz,null
Uleksy,null
Go��bica,null
Fabryga,null
Ramien,null
Przedzie�kowski,null
Bolcek,null
Fordu�ski,null
�mieta�o,null
M�dak,null
Kraczyna,null
Przycho�a,null
Kajanta,null
Gallea,null
Hypa,null
Kondarenko,null
Tymczak,null
Maca�a,null
Kwiecjasz,null
Szwager,null
Staraniecki,null
Zaczat,null
Ozi�bkowski,null
Szymandera,null
Chakos,null
Stawu�a,null
Szaybel,null
Kazimierow,null
Zasczy�ski,null
Zygartowski,null
Kocut,null
Ruszkarski,null
Wrzo�,null
Olewski,null
Trych,null
Pitwon,null
�wisiulska,null
Koralczak,null
Klapiuk,null
Nowemberski,null
Spaliska,null
Graumiller,null
Pintal,null
Denczyk,null
�egalski,null
Barbera,null
Pytlik,null
Szramowit,null
Punczykowski,null
Aluchnia,null
Chmelowicz,null
Benbe�ek,null
Reimen,null
W�s�anowicz,null
Nalczuk,null
Pecio,null
Kerl,null
Baryszniuk,null
Gallikowski,null
Descheppor,null
Nachtaman,null
Biesiewicz,null
Szy�ek,null
B�kolik,null
Warkocz,null
Sty�,null
Durdys,null
Bunarek,null
Jeremicz,null
Humpiek,null
Kubujewska,null
Zieszkiewicz,null
Karpuszewicz,null
Choruk,null
Gniner,null
Fira�,null
Purkan,null
Buterlina,null
Piontke,null
Pfenniger,null
Tratalska,null
Bendar,null
�elme�ska,null
Ma�etka,null
Kustur,null
Rosczypa�a,null
Karpacz�w,null
Radac,null
Jedynkiewicz,null
Bacho�ski,null
Korywczuk,null
Regauer,null
Farenholc,null
J�wiak,null
Pryniak,null
D�barska,null
Sabra�ski,null
�endziuk,null
Schuraj,null
Ewangelos,null
Go�yno,null
Grochoczy�ski,null
Brudzy�ski,null
�moczek,null
Majsterkiewicz,null
Tad�yk,null
Ko�ciol,null
Poisik,null
Ruszke,null
Kierejewski,null
Szcz�ca,null
Tenderenda,null
Reutiw,null
Wajsbek,null
Domurath,null
Graden,null
�abida,null
Czagowiec,null
Lemancz,null
Cz�stkiewicz,null
Freisheim,null
Fute,null
Desperak,null
Gowalewicz,null
Sztynder,null
Chybi�o,null
D�amali,null
Kiejniak,null
Notke,null
Gredziuch,null
Wo�owic,null
Pobijasz,null
Piastun,null
Susi�ski,null
Kaszilek,null
Purkowski,null
�nie�ycki,null
Stymil,null
Czernijewski,null
W�sior,null
Faja,null
Urain,null
Klembowski,null
Czereplik,null
Tabolicz,null
Nap�rkowski,null
Siostrzanek,null
Hannig,null
Gierasymidis,null
Happa,null
Dorowkin,null
Styc,null
Trocikowski,null
Ekhaus,null
Grygrowski,null
Radulak,null
Horiszny,null
Potopiejko,null
Garderewicz,null
Makowelski,null
Parolisz,null
Bedarski,null
Abstorski,null
Grodziszewski,null
Prasowik,null
Kaprowicz,null
�miekiewicz,null
Sztechelek,null
Ziebli�ski,null
Gerak,null
Pragi�ski,null
Swirida,null
�wintychowska,null
Steszczuk,null
Bra�kowski,null
Wojronis,null
M�drzejewski,null
Gruntmeyer,null
Kleybor,null
Po�uchtowicz,null
Dasze�ska,null
Borhuta,null
Rogacin,null
Nowodrzy�ski,null
Podskrobko,null
Kiedorowicz,null
Genowski,null
Chledba,null
�osica,null
Akulenko,null
Pachrz�st,null
Baculewski,null
Knapowski,null
Suremacz,null
Witorze��,null
Machur,null
Skutasiak,null
Tomsza,null
Deninger,null
Wie�ski,null
Spirytus,null
Stoltna,null
Sierka,null
Demcke,null
Basa,null
Predehl,null
Fiejdak,null
Prokopczuk,null
Liebo�,null
Joustra,null
�agaja,null
Grzeskiewicz,null
Radziontek,null
Derymacki,null
Pruszewicz,null
Cukni,null
Rzaczkowska,null
Horchowski,null
Szar�acki,null
Koszorz,null
Lesica,null
Profa�o,null
Skroczek,null
Gering,null
P�aszewski,null
Worykiewicz,null
Wanagiel,null
Staszic,null
Kaczkarow,null
Paradzi�ski,null
�akaszewski,null
Wo�odzik,null
�ada-Hawryluk,null
Kruze,null
Goczki,null
Klampas,null
Schoenherr,null
Gisdo�,null
Romakiewicz,null
Odwrocki,null
Krzesze�ska,null
Hirszowicz,null
Zajdkowski,null
Kuderemski,null
Staszy�,null
Makocha,null
Figurniak,null
Nadrojkowska,null
Pitaszewicz,null
W�trobicz,null
Gromalewski,null
Salamacka,null
Essenburgier,null
Fantini,null
Adydam,null
Heineman,null
Bant�g,null
Nastoszyc,null
Unruk,null
Witowiecka,null
Szrubarczyk,null
Stemdalski,null
So�owicz,null
Barli�ski,null
Haiman,null
Kosmania,null
Kiesowski,null
Bart�omiej,null
Mukus,null
Prostec,null
Endigk,null
Kusicielek,null
Kopinke,null
G��b,null
Budny,null
Kontur,null
�rodecki,null
Nigiel,null
Ziajka,null
Bor�tko,null
Boguniowski,null
G�uszyniak,null
Zene�ko,null
Ferlej,null
Tykiel,null
Brzychcz,null
Bozy,null
Newlin Lukowicz,null
Bugnar,null
Ja�oszy�ski,null
Bracki,null
Krymyk,null
�wi�der,null
Cholna,null
Kieljan,null
Szantruczek,null
Szczernik,null
Borys,null
Irzykiewicz,null
K�ymyk,null
Zgit,null
Gabrhan,null
Kr�czkowski,null
Mecweldowski,null
Jodowska,null
Szlapak,null
Sataciak,null
Jarlaczy�ski,null
Pri�ukow,null
J�drusz,null
Swirtun,null
Sl�kowska,null
Gargel,null
Dr�ba,null
Swaci�ski,null
Kramiec,null
Pr�szkiewicz,null
Kejsa,null
Ustienny,null
Walendykiewicz,null
Styczyn,null
Nowos�aw,null
Zgonalewicz,null
Dappa,null
Flirczyk,null
Mikniewicz,null
Gerwasik,null
Kolberczyk,null
Gidaszko,null
Diamski,null
Chaw�a,null
Kapustecki,null
Krosienko,null
Dwura�ny,null
Ku�miarek,null
Di�atowicz,null
Litma�ski,null
Serafimiak,null
Wyderkiewicz,null
He�man,null
Piotruszewski,null
Makarenko,null
Iniadek,null
B�bisz,null
Zwienczak,null
Wysocze�ska,null
Chwastyniak,null
Krystkowiak,null
Dowry,null
Archut,null
Buchien,null
Ho�ownicz,null
Fyszel,null
Krowka,null
Gratys,null
Ciemanowska,null
Mogilian,null
Kokoszczyn,null
Owieczka,null
Goc�,null
Biedol,null
Derdo�,null
Garaldziak,null
Kalukin,null
Tront,null
Wasinta,null
Mokotowicz,null
Zur,null
Mys�o,null
Winkel,null
Flaiszerowicz,null
Mikost,null
Budiuk,null
Penier,null
Effczy�ski,null
Kossak,null
Staroszy�ski,null
Kile�,null
Grotka,null
Brambo,null
Szarniewicz,null
Lobko,null
Devos,null
Anruszewska,null
Cierlik,null
Matuzna,null
Rzymyszkiewicz,null
Hlebisz,null
Sebeza,null
Gallinger,null
Kauffmann,null
Zwek,null
Zako�cielny,null
Brzosotowicz,null
Chrz�stowski,null
Podugorni,null
Bondalewicz,null
Redlaff,null
Bajk,null
Islam,null
D�browicz,null
Baltroszewicz,null
Abramczuk-Vel-Prokopiuk,null
Podhulajewski,null
Stanka,null
Hypa,null
Maschuff,null
J�drzykiewicz,null
Wa�aszewski,null
Rauschenbach,null
Kow,null
Garlej,null
Mietno,null
Sazeczek,null
Siaskiewicz,null
Artiomow,null
Mielcarek,null
Zubka,null
Hartley,null
Lidwa,null
Goldy,null
Ksi��yk,null
Hryszczyk,null
Chroszczo,null
Dronicz,null
Wapno,null
Lecacki,null
Bernys,null
Ziemlakowski,null
K�ycz,null
Bojczyszyn,null
K�derska,null
Goilik,null
Ridzewski,null
Ma�oid,null
Dunin-Borkowski,null
Galejner,null
Paus,null
Ramat,null
Siemiona,null
San�likowska,null
Sowo�owski,null
Szejgiec,null
Kierbicz,null
Pojama�ska,null
Jereczke,null
Zahaty�ski,null
Smalik,null
Nynich,null
Figlant,null
Brezwicz,null
Siku�a,null
B�aszczyk,null
Krechowicki,null
Korjat,null
Feckiw,null
Nikosz,null
Pernaczy�ski,null
Uchwast,null
Grzelk,null
Faroszyn,null
Pokole�czuk,null
Samurska,null
Parenczewska,null
Ga�ata,null
Languer,null
Kondrucki,null
Rajzerewicz,null
Braty�ski,null
Proniszyn,null
O�lislo,null
Makai,null
Wolo�ska,null
Ki�lich,null
Lejski,null
Borakowski,null
Ga�yk,null
Dydoch,null
Szpetanowski,null
Bezrodnyj,null
Tymofiejuk,null
�wiata�ski,null
Tymian,null
Dziurba,null
Lermer,null
Szczerbie�,null
�iwkow,null
Klejszmydt,null
Marecha,null
Dru�da�ski,null
Keleczawa,null
Krasuda,null
Me�yniuk,null
Wodzicki,null
Ryka�owska,null
Swedrak,null
Schlesack,null
Klemenia,null
Biliatis,null
Kor�ownik,null
�migu�a,null
Fr�hlen,null
Mieczykowski,null
Grzechynia,null
Angelidis,null
O�og,null
Kurcke,null
Religia,null
Grusecki,null
Grebnow,null
Borusie�ska,null
Starowniak,null
Szkoropad,null
Gmyterko,null
Parplys,null
Zbiranek,null
Pri�ucka,null
Ciebien,null
Dziemienko,null
Kajtkowski,null
Dykacz,null
Tarcykiewicz,null
Osadca,null
Krykni�ska,null
Symiczek,null
Sendocki,null
Zbrocki,null
Modrzejewski,null
Hryciow,null
Tamasek,null
Ewerty�ski,null
Wo��k,null
Sztafiej,null
Starzomski,null
Bowo�,null
Kraszek,null
Gorajek,null
Zygrent,null
G�obisz,null
Gajlisz,null
Solasa,null
Demura,null
Gu�cin,null
Brzonkowska,null
Skolorczyk,null
Farniok,null
Sicicki,null
Prosorowska,null
Wo�niczoniec,null
Gryniak,null
Handrysiewicz,null
�arionow,null
Koliszuk,null
Olbrycht,null
Zakulewicz,null
Hyrczek,null
Filinonow,null
Szwalemberg,null
Opulski,null
Fr�czak,null
Kata�an,null
Fra�,null
Wi�cgol,null
Widmer,null
Komoli,null
Kiery�,null
Dzib,null
Swiczewski,null
Droniewski,null
Pierso,null
�yba,null
Raszewa,null
Helden,null
Stowarczyk,null
Pietra�,null
Krze�kiewicz,null
Silarek,null
Kr�bski,null
Jonko,null
Palu�,null
�o�nowski,null
Mas�ej,null
Mami�ski,null
Pa�piech,null
Rindak,null
Ostrzeszewski,null
Peploch,null
Schult,null
Potucki,null
Szunera,null
Szapczenko,null
Siemieniaka,null
W�owicz,null
Moce�,null
Str�ciuk,null
Artimiew,null
Gugnacki vel Kie�czewski,null
Postrzyga,null
Pr�si�ski,null
Stienbach,null
�dziob�o,null
Wirus,null
Chiluk,null
Chomik,null
So�onyka,null
Lomek,null
Hrabecki,null
Tszorn,null
�wiencek,null
Sara�czuk,null
Borowitzka,null
Kr�za�ek,null
Gordzielewicz,null
Dlebel,null
Szcz�belska,null
Hetmanienko,null
Ruty�ski,null
Gelak,null
Mujta,null
Sutyk,null
Ciotrowicz,null
Jakowlew,null
Bulzan,null
Otuszewski,null
Chmurycz,null
Riberk,null
�ato�,null
Gamian,null
Minio,null
Nikodymczuk,null
Pytlo,null
Stelmaszczyk,null
D�u�en,null
Go��binowska,null
Szewczuwjaniec,null
Ormanowski,null
Kluszy�ski,null
Czerte�y�ski,null
Prodanis,null
Futiakiewicz,null
Bohrycz,null
Delaga,null
Wsz�dor�wna,null
Korzesta�ski,null
Konserska,null
Drukalski,null
Cykiewicz,null
Cziomplik,null
Kiendych,null
Ramowski,null
Parkietny,null
Huzij,null
Pu�aszczak,null
Soczkiewicz,null
Donal,null
Burdziejko,null
Latawicz,null
Swa�kowska,null
Edwarczyk,null
Nemetti,null
Victoriano,null
Krzysak,null
Tame,null
Punde,null
Czuru�,null
Ludyma,null
�uro�,null
Ludowid,null
Azarenko,null
Bujakiewicz,null
Blochel,null
Korioth,null
Przenies�o,null
Oborsztyn,null
Rewoli�ski,null
Z�browski,null
Bu�atek,null
Hopfen,null
Dzierbas,null
Matu�niak,null
Semerling,null
Cecharz,null
Firaza,null
Klarowicz,null
Kosatkin,null
Minik,null
Eydrygiewicz,null
D��blasz,null
�abrowska,null
Czak�osz,null
Myczy�ski,null
Bolecha�a,null
Swi�chowska,null
Hamrat,null
Nartonowicz,null
De�ko,null
Czelusci�ski,null
Tesarek,null
Breyner,null
Szarupka,null
Zwierko,null
G�siewicz,null
Majarek,null
Wachak,null
Tabero,null
Powali�ska,null
Bomastek,null
Jade�ko,null
Grosant,null
Patrzykat,null
Kozuszko,null
Hoinz,null
Swajdo,null
Spanos,null
Siewiertoka,null
Czapajtis,null
Reger,null
Durchgraf,null
Szwejkow,null
Sztekler,null
Barutha,null
Samolczyk,null
Fabjanowski,null
Wejsa,null
Walinczyk,null
Darmorys,null
Sochira,null
Rabiej,null
Mestl,null
Kisteruk,null
Pa�uszewska,null
Megadja,null
Wymar,null
Leochojda,null
Szentag,null
Iliczko,null
Libing,null
Portyka,null
Wianiarski,null
Cie�liczka,null
Golf,null
Gazka,null
K�rbis,null
Rozenbanger,null
Rakota,null
Harnatkiewicz,null
Ha�aczynowski,null
Dusiak,null
Piazdecki,null
Frynia,null
Ballay,null
�ambucha,null
Lipson,null
Cogacz,null
Kom�rski,null
��tniak,null
Szumocki,null
Chru�li�ski,null
Berwidis,null
Szechy�ski,null
Piwarczyk,null
Klusi�ski,null
Wielig�ra,null
Stolpett,null
Chermu�a,null
Delios,null
Klerowski,null
Reynolds,null
Setoguchi,null
Dajwa,null
Pierchurowicz,null
Nowyczyk,null
Drymiak,null
Wigaker,null
Kosteszyn,null
Wa�a�,null
Zarugiewicz,null
Silberman,null
Krzyszak,null
Mojcherczyk,null
Klambrowska,null
Krautsztrung,null
Piechacki,null
Dworniczuk,null
Zi�cikowska,null
Gorko,null
B�acheniec,null
Paniowska,null
Harenza,null
Poszywak,null
Chotarski,null
Jarocha,null
Tomaszon,null
Fazekas,null
Olszanka,null
Rz�dowski,null
Prucak,null
Wlazi�ski,null
Maszalski,null
Gulicki,null
Bronce,null
Agolcer,null
Redczak,null
Koszof,null
Marczenia,null
Zwawiec,null
Nie�cigorski,null
Bantron,null
Tobak,null
Prokesz,null
Kumur,null
Frajaszewski,null
Kacho,null
Chai�ski,null
Zdybik,null
Choldzy�ski,null
Dr�ak,null
Frydryczek,null
Kawczur,null
Radziwi��,null
Leptacz,null
Rekuz,null
Cho��j,null
Karcelli,null
Bebelski,null
Gronecki,null
Jodzis,null
Kic�w,null
Kondafer,null
Swieczy�ska,null
Gl�ske,null
Deniszewski,null
D�browa,null
Mesta,null
�apinkiewicz,null
Promelski,null
Djadel,null
Orchulski,null
Klytta,null
Sapka,null
Korz�cka,null
Swi�drych,null
Maksellon,null
Bagdas,null
Czylo�ska,null
Chaberkowski,null
Kaliszczar,null
Wicze�ski,null
Jurenas,null
Cholewa-Kalinowski,null
Wienclewska,null
Marulewski,null
Aniewicz,null
Kad�w,null
Folman,null
Ikaniewicz,null
Pac�wa,null
Wendt,null
Eisenbarth,null
Piaskowiecki,null
Grzecicha,null
Edelsburg,null
Cho��y�ski,null
Kolatka,null
S�ch,null
Szenda�a,null
Pietruczewski,null
Czylewicz,null
Andraszko,null
Kandygra�,null
Nahajewski,null
Hajdzi�ski,null
Cieglecki,null
Prywi�ski,null
Derylska,null
Nemeita,null
Fortonka,null
Szyszecki,null
Duw�ek,null
Adomin,null
Parfionow,null
Markonicka,null
Jermolonek,null
Reyes,null
Grundzach,null
Gerdyma,null
Soszalski,null
Henczyca,null
Kontski,null
Strzyszewski,null
Podporak,null
Tomaszczennik,null
Kiesznikiewicz,null
Kotryba,null
Matsson,null
Szczetnikowicz,null
T�omak,null
Kwa�niewska,null
Weltromski,null
Smolczewski,null
Wawszczenko,null
Ci�kusz,null
Mulorz,null
Rebich,null
Skrygulec,null
Warz�ski,null
Szyszej,null
D�ugolewska,null
Zbereda,null
Jorecki,null
Lata�,null
Wierysz,null
D�blowski,null
Schalicka,null
Muc,null
Ryger,null
Konikiewicz,null
Tyszper,null
Kumielewski,null
Hrystan,null
Lipigurski,null
Hruckiewicz,null
Brzyby�,null
Mendlicki,null
Pantuchowicz,null
Wale�czak,null
Braier,null
Sylwo�czuk,null
Majecherek,null
Czebotienko,null
Norbacz,null
Huziejenko,null
Ganiec,null
Czu�an,null
Specjalna,null
�dziarski,null
Mermaniuk,null
Kudyra,null
Ka�asz,null
Podmiecka,null
Spr�tek,null
Do�ub,null
Krizacki,null
Sawa�czuk,null
�ruborz,null
Karoczun,null
Jurczakowski,null
Pazuch,null
Ramljak,null
Frydrychiewicz,null
Damaga�a,null
Chacko,null
Aptekarz,null
Ocziepka,null
Bigielska,null
Pilanecki,null
J�wi�ski,null
Leydo,null
Inaszewska,null
Giryl,null
Ko�la,null
Morossony,null
Kiecio�ek,null
Dudkiewicz-Dudek,null
Gr�dzika,null
Pirowicz,null
Rukszan,null
Kaimska,null
Pyzuk,null
G�y�,null
Dzibakowski,null
Opatowski,null
Modrzik,null
Sienienko,null
Truchanienko,null
Szmaja,null
Subkowicz,null
Uchma�,null
Bachmatowicz,null
Macyszun,null
Lie�,null
Koszkolewska,null
Faust,null
Soleta,null
Kiszulko,null
Pichowicz,null
Papk�w,null
Jajowek,null
Balitowski,null
Gnidec,null
Szlenger,null
Klasiak,null
Dyt�of,null
Makar,null
Chamu�ka,null
Piczurczyk,null
Boksznajder,null
Winiarowski,null
�upi�ski,null
Szemaszkiewicz,null
Przepis,null
Sobarnia,null
Fredyn,null
Staygert,null
Witrambowski,null
Siadowska,null
S�up,null
Jonusz,null
Strakowicz,null
Deleszek,null
�wiergo�,null
Goleszy�ski,null
Wy�go�,null
Gu�o,null
Kre�lok,null
Oficzy�ska,null
Cwidzka,null
Sasaga,null
Marczulewski,null
Deredecka,null
Komendant,null
Kozio,null
Stopie�ski,null
Gwarnicki,null
Brud�,null
Szeszkowski,null
Grylska,null
Ch�ndzy�ski,null
Mi�za,null
Bonifer,null
Kowiecki,null
Chtanda,null
Przerwacz,null
Barysewicz,null
Kinshuber,null
Nieumierzycki,null
Syporz,null
Zuchaniak,null
Puszna,null
Ka�,null
Rosenthal,null
Korabczy�ski,null
Noschka,null
Romanczak,null
W�dziocha,null
Klambrowska,null
Kapejewski,null
Niechociaszcza,null
Syrwatka,null
Rawsak,null
Lordzik,null
Mury�,null
Waszylewski,null
Przy�lak,null
Myrkwa,null
Batdys,null
Skliwa,null
Warras,null
Groba�a,null
Nilewicz,null
Maralek,null
Geronim,null
Dejlich,null
�abajewski,null
Schuppa,null
Czarnocha,null
Dry�ba,null
Wasek,null
Swiatakowski,null
Perewiznyk,null
Sto�biak,null
Galorek,null
Skierda,null
Wabia,null
Szmycel,null
Grusiewicz,null
Baniach,null
Podle�a�ski,null
Kapcia�ska,null
Kuca�,null
Ko�miec,null
Szuszko,null
Ciochanowski,null
�ogusz,null
Wasnik,null
Berlikowski,null
Follmuller,null
Stragowski,null
Mathiasz,null
Protuch,null
Krochalczyk,null
Domagowski,null
Gagraj,null
Pikie�ek,null
Apisdorf,null
Fojutk,null
Szaramowicz,null
Kukrus,null
Kubienicz,null
Dmitriewska,null
Bakaj,null
Mitelman,null
Kr�y�ski,null
Gnyrek,null
Kiepa�asi�ska,null
Tupalewska,null
Kachnowicz,null
Ermanowicz,null
Ju�ba,null
Klabacka,null
�eko�ski,null
Zgit,null
Swiniarczyk,null
Segermann,null
Bawo�ek,null
Rejczakowska,null
Klimczuk,null
Hach,null
Pietrucewicz,null
Gragowicz,null
Zawlocki,null
Garty�ski,null
Witarski,null
Ogie�,null
Bugaska,null
Patszul,null
Domga�a,null
Wenikajtys,null
Friser,null
�mudz,null
Czauner,null
Czapajtis,null
Ko�y�ska,null
Kryszy�owicz,null
G�si�ski,null
Anotonowicz,null
Arendaruk,null
Gassa,null
Isaksson,null
Horolenko,null
Robaczenko,null
Wal�cik,null
Wozniakowski,null
Dajdzi�ska,null
Lisius,null
Biske,null
Landy�ska,null
Mekka,null
Szwarcrok,null
Engfer,null
Gocner,null
Zwer��o,null
Roszniowski,null
Homerda,null
�cipior,null
Kaziga,null
Sidwi�ski,null
Kapyszka,null
Kosiradzka,null
Magras,null
Stopniewska,null
Bawitczyk,null
Drymmer,null
Bugay,null
Pota�nik,null
Korcowicz,null
Wier�ychowska,null
Turlin,null
Meki�ski,null
Kanafta,null
Kurpais,null
Emrych,null
Ernstsen,null
Zichlerz,null
Hakas,null
Czaran,null
Miko�ajczyszyn,null
Chodacznik,null
Koczima,null
Dienwebel,null
Nitfer,null
Siemientko,null
Komalski,null
Bojarin�w,null
Maszlana,null
Haken,null
Kamie�ski,null
Merfeld,null
Gr�dkowska,null
Ko�bak,null
Karhani,null
Lozicka,null
Budziechowska,null
Bidziuch,null
Szlitkus,null
Naliwa�czuk,null
Haradczuk,null
Sederecki,null
Giernatkowska,null
Kosiniuk,null
Sebb,null
St�czewska,null
�ama�ska,null
Zi�ckowski,null
Malarzewski,null
W�odno,null
Rosiankowska,null
Comborowski,null
��szczak,null
Karakuca,null
Fele�y,null
Mahmedow,null
K�usek,null
Szmyga,null
Konwia�,null
B�yskosz,null
Kosn�g,null
Dusko,null
Filiksiak,null
Streer,null
Braziak,null
Chi�cza,null
Tlibacka,null
Szmalz,null
Ragaman,null
�wiety,null
Drzankowski,null
Rasmanowicz,null
Rene,null
Zbed,null
Prychala,null
Ary�,null
Zielonow,null
H�odyk,null
Pu�niecki,null
Buski,null
Simeonow,null
Bornita,null
�opcik,null
Roznoch,null
G�sienica-Staszeczek,null
Scheinbach,null
Kolacek,null
Sur�enko,null
Kurwal,null
Jendrasiewicz,null
Bielis,null
Krzyszpie�,null
S�otosch,null
Bieniszkiewicz,null
Po�yczy�ski,null
Kublacka,null
Koreci�ski,null
Zuberda,null
Bagielski,null
Weringtong,null
�mieszcha�a,null
Marulski,null
Fritzowski,null
Szacon,null
Biegewska,null
Strychor,null
Prujszczyk,null
Olijarnik,null
Zbi�,null
Jucow,null
Wesser,null
Poliho�ski,null
Osanowska,null
Sirke,null
Chordecki,null
Hodziec,null
Wy�uszczak,null
Drosman,null
Paj�czek,null
Skon,null
Po�dziak,null
Kamadys,null
Jodczyk,null
Jancarz,null
Bruszcz,null
Chemielec,null
Isbanner,null
Helin,null
Oleszczy�ski,null
Niezbart,null
Giergiczny,null
Resz,null
Dija�ska,null
Dubinin,null
Wasielica,null
Pisztek,null
Szemis,null
Gieschler,null
Breiza,null
Hor��kiewicz,null
Stubenvoll-Ha�ski,null
Hawrysiuk,null
Cirzan,null
Ho�das,null
Piem�ci�ska,null
�uralski,null
Sawastianiuk,null
Madryas,null
Kurieta,null
Ryziuk,null
Dittlof,null
Cankiewicz,null
Dziona,null
Hubiak,null
Bruj,null
Kubacha,null
Miszok,null
Runszke,null
Zybkiewicz,null
Grzemi�czka,null
Jokajta,null
Pawcik,null
Pola�czyk,null
Ziurankowska,null
Kwi�niak,null
Kleme�ski,null
Dubiejek,null
Karpon,null
Miedzia,null
Awtarczuk,null
Ostrowzorowa,null
Stompokiewicz,null
Osimowicz,null
Mamok,null
Gerszonowicz,null
Gilasiewicz,null
Fry�ewska,null
Skunecka,null
Burkiert,null
Byzna,null
Choraba�a,null
Olenderski,null
Czyrnia�ski,null
Henchen,null
Litkie,null
Gralka,null
Latka,null
Panzner,null
Suchodola,null
Jubilewicz,null
Gumolka,null
Tyszecki,null
Balsan,null
Redzimi�ska,null
Fiebitz,null
Simak,null
�ywotkiewicz,null
Tawasiewicz,null
Kaczmorzyk,null
Majera�czyk,null
Osyja,null
Sebastjan,null
Cmira,null
Zarczykowski,null
Kamerman,null
Kloffke,null
Niemczur,null
Bardski,null
Prikopiuk,null
Parafjan�w,null
Go��zowska,null
Wr�tkowska,null
Imiech,null
Pietraczak,null
Kout,null
Pli�nierowicz,null
Wiling,null
Lichorat,null
Koreus,null
Kr�l-��gowski,null
Cieleszczyk,null
Kozie�,null
Rita�,null
Rotny,null
Perzychowska,null
Nieszczerotow,null
Jeli�ski,null
Werhun,null
Icykson,null
Bouer,null
Wisniak,null
�utczenko,null
Cornez,null
Pietrachowski,null
Nal,null
Freinik,null
Ciulemba,null
Byrski,null
Menel,null
Kacyna,null
Biszcak,null
Po�ab,null
Gar�ukiewicz,null
Jaz�rek,null
Harmol,null
Struck,null
Wardocka,null
Chnysek,null
S�sa�a,null
Belka,null
Guporowicz,null
Wierzelewski,null
Sarawara,null
Boszecka,null
Swiertz,null
Biedermann,null
Koryzno,null
Jarmoszkiewicz,null
Grzejszczyk,null
Hardwig,null
Lukomski,null
Feygelbaum,null
Wyrek,null
Jecze�,null
Kaleniuk,null
Fu�niar,null
Szmuci�ski,null
Bajnowska,null
�agon,null
Brejner,null
Czureja,null
Komaszka,null
Dmitrasiewicz,null
Wi��kowiak,null
Margnardt,null
Hadzielski,null
Fa�ak,null
Stal�ga,null
Kulniewicz,null
Taderska,null
Tesmer,null
Zacharzuk,null
Szcz�szek,null
Behlendorf,null
Maciuch,null
Wazylik,null
Ehrlichmann,null
Liermann,null
Ho�owadczuk,null
�awrunkiewicz,null
Olszeniecka,null
Poludow,null
Dziwiak,null
Marchowiecki,null
Chio�ska,null
Fafajda,null
Pia�na,null
Piftru�,null
Weceklicki,null
Siatra,null
Huzarczuk,null
Dlaki�,null
��ta�ski,null
Archutycz,null
Chcia�kowska,null
Zinska,null
Cypar,null
W�udarz,null
Ornafa,null
Str�y�ski,null
Sroch,null
Kobie�ko,null
Imszo,null
�odygowiec,null
Masilewicz,null
Debularz,null
Seyfierd,null
Betkowiak,null
Durszlak,null
Ko�pakowicz,null
He�ka,null
Woryk,null
P�kocki,null
Buczk�w,null
Namarczuk,null
Glagia,null
Stolpi�ski,null
Piwonski,null
Peluch,null
Wa�ciak,null
Abromeit,null
Niewiecze�al,null
Szaraszek,null
Kistein,null
Kliapis,null
Grz�dziejewski,null
Bory�ko,null
Palaszewski,null
Grynasiuk,null
Og�rka,null
Burawski,null
Marnikowski,null
Matyjawczyk,null
Kradziecki,null
Grzejciuk,null
Burkert,null
Gieidasz,null
�ywieluk,null
Czy�uk,null
Nosko,null
Awi�en,null
Mlyczko,null
Ciaciak,null
Zwonarska,null
�wiaty�o,null
Nesal,null
Golbertowicz,null
Baworowski,null
Tuzimski,null
Ba�azia,null
K�tnowska,null
Wietos,null
Burchad,null
G�rnostaj,null
Szafroniec,null
Kusza�a,null
Romczykowski,null
Midner,null
Naszorkowski,null
Podhorody�ski,null
Barachanowicz,null
B�aka�a,null
Lurzy�ski,null
Bizalska,null
Narwara,null
Wcislak,null
Wojkszun,null
Strzebecki,null
Szarmyk,null
Kaczarowski,null
Kotulla,null
Gasiun,null
Krysztofczyk,null
Miernik,null
Liba�,null
Cypulska,null
Doer,null
Smazik,null
Chilari,null
Kandur,null
Szulcerska,null
Chr�cicki,null
Wintersztejn,null
Morton,null
Kwiaty�ski,null
G�rga�a,null
�ogas,null
Hamermeister,null
Schleif,null
Bardet,null
B�oszczy�ski,null
Kerdysz,null
Hutner,null
Ga�asimow,null
Koklus,null
Witaniak,null
B�a�czyk,null
Niemczewicz,null
Reclit,null
Jale�czak,null
Zywanowski,null
Witlin,null
Folker,null
Ruckowski,null
Oliwi�ski,null
Pycik,null
Wyczo�ek,null
Mroziewski,null
Breski,null
Ornulak,null
Hurbakowicz,null
Przystawa,null
Je�czak,null
Poprocki,null
Witemberg,null
B�yskol,null
Sinani,null
Sandecki,null
Bauerfejnd,null
Korzawa,null
We�owska,null
Malagiewicz,null
Florczak,null
Wo�akowski,null
Sok�lnicka,null
Obroszko,null
Ko�upko,null
Rembierz,null
Obidowicz,null
Zygmuncik,null
Potero�ska,null
Kazorko,null
Ruttman,null
Juzefciuk,null
Gagie�ka,null
P�tela,null
Du�babel,null
Biendor,null
Matery�ski,null
Angie�ow,null
Ch�anda,null
Wejkowski,null
Szelega,null
Dzenisz,null
Nassius,null
Cygnarowski,null
Blimon,null
Kuko�,null
Bartuka,null
Dobroczy�ski,null
Oleksiuk,null
Przystanowicz,null
�wichowska,null
Hawie�czyk,null
Paw�yszyn,null
Kotryba�a,null
�wig��,null
J�droszko,null
Kopas�w,null
Skomosiuk,null
K�pski,null
Kierzan�w,null
Siedmak,null
Dobrzymowski,null
Kitas,null
Orczychowski,null
Temel,null
Etinger,null
Melikian,null
Korowajczuk,null
Arys,null
Suchanecki,null
Kiepkie,null
Idziaszek,null
Maissner,null
Bialanko,null
Szryniawski,null
Zdzi�bek,null
Pozniakow,null
Dziurgowska,null
�ukszto,null
Gaci�g,null
Cha�abi�,null
Emsel,null
Stuchli�ski,null
Joszt,null
Dolindo-Dolindowski,null
Obermiiller,null
Bardzio,null
Stecil,null
Niezgudzki,null
Jermulska,null
Salaber,null
Kustosik,null
Kaszin,null
Kornielnik,null
Adamczewski,null
Ga�awski,null
Smilski,null
Szachtaj,null
Kizniewicz,null
Ska�kowska,null
Kusz,null
Freidmiter,null
Zwa�ski,null
Malarowicz,null
Garbaraczyk,null
�witarzewska,null
Kiliander,null
Cesnyka,null
Podolka,null
Marbach,null
Sosnica,null
Skrzypowski,null
Jowiszewski,null
Lakonia,null
Stanszek,null
Labo�,null
Ho�odniuk,null
Asparuchow,null
Kokoszewski,null
Deru�,null
Krasuski,null
Huzist,null
M�tkiewicz,null
Wyjas,null
Skarlak,null
Hernatowicz,null
Mazek,null
Saczuk,null
Puolka,null
Przibucin,null
Szprengwald,null
Andrejczenko,null
Ungowski,null
Makol�gwa,null
Dahlmanns,null
Petra�ski,null
Tittelbach,null
Padiasek,null
Aniszczuk,null
Bur�a,null
Madeszka,null
Knedel,null
Rymsza,null
Tompol,null
Harniatkiewicz,null
Giminne,null
M�kosza,null
Szczutka,null
Fronsberg,null
Do�goli,null
Aniszkowicz,null
Bargiuk,null
Pa�chowska,null
J��ko,null
Ko�atek,null
Frendler,null
Choptina,null
Ussarzewski,null
Bia�aczek,null
Godzikowski,null
Wegners,null
Kluchowicz,null
Skierakowski,null
J�rkowski,null
Kietyka,null
Krapisz,null
Zachowski,null
Palukiewicz,null
Szraniek,null
�mil,null
Januszt,null
Pikrom,null
Aduckiewicz,null
Niesta�czyk,null
Skucha,null
Hicing,null
Huce�,null
Matkus,null
Paczuwski,null
Szymszajner,null
Szerli�ski,null
Sme�ty,null
Beseraba,null
Szpac,null
Leichthammer,null
Bis�awski,null
Oplustil,null
Kozdemba,null
Boridko,null
Mantkowski,null
Bielichina,null
Salenik,null
Struniewski,null
Kucha�ska,null
L�hr,null
Osasiak,null
�yszczyk,null
Mirzejowski,null
Wo�onsewicz,null
Ch�edzik,null
Bessert,null
Cider,null
Ma�asny,null
Juretzki,null
Cherodzi�ska,null
Obera,null
Gargo�,null
Siemdaj,null
Dekiertowska,null
Przykra,null
Piskora,null
S�tanowska,null
Rypel,null
Gromisz,null
Konczyk,null
Miatello,null
Leniewicz,null
Dyks,null
Olisiewicz,null
Gietczyk,null
Grycian,null
Petrynowski,null
Paw�us,null
Mandy�ska,null
Nalberczak,null
Zadek,null
Ku�tra,null
�wirad,null
Kaptejn,null
Bu�atow,null
Zacho�,null
Kermer,null
Goluszy�ska,null
Meglicz,null
Wala�czyk,null
Zoon,null
So�owiejczyk,null
Batajewicz,null
Bendarczyk,null
Gaw,null
Monard,null
Waksamundzki,null
Za�picz,null
Stabela,null
Misiewski,null
Szober,null
K�rnicz,null
Hagno,null
�oks,null
Bia�ousz,null
Merak,null
Kubry�o,null
Baurek,null
Radwon,null
Dro�encki,null
Wirwis,null
Littek,null
Szyndelarz,null
Medyna,null
Skotak,null
Brudt,null
Domerecki,null
Kenecka,null
Mendrzecka,null
Szugier,null
Skroboszewski,null
Strendo,null
Gadzinowski,null
Rakoiecka,null
Gubaka,null
Frankon,null
Sztenderowicz,null
Fryzek,null
Jaskulka,null
Milo�czyk,null
Bodziechowski,null
Mieloszy�ski,null
Janiszczyn,null
Wielkicka,null
Sprawski,null
Ogrysek,null
Sierogin,null
Kroniger,null
Ch��dzik,null
Kuzber,null
Trzebiniak,null
Dr�zik,null
Demakin,null
�cimborski,null
Kulbicki,null
Bandurewicz,null
Stacho� Wawrzk�w,null
Michniowski vel Michniew,null
Zajenczkowska,null
Sorbian,null
Sawala,null
Fisek,null
Chorubczyk,null
Begej,null
Olezak,null
Pukjaniec,null
Kluczniok,null
Matuszewicz,null
Pluskata,null
Rendzionek,null
Degracz,null
Ch��manowski,null
Jelizarow,null
Parzys,null
Fuczko,null
Franet,null
Seczek,null
L�za,null
Baniosz,null
Biegusiewicz,null
Chmielowiec,null
Tyce,null
Wachewiak,null
Fulbyszewska,null
Zi�bal,null
Trzeciek,null
Styrzewska,null
Kopjas,null
Siewart,null
Barahas,null
Po��wka,null
Schlag,null
Poglettke,null
Le�an,null
Litaszewski,null
Wermaus,null
Br�galski,null
�apka,null
Nafta�ski,null
Dziemburski,null
Plotzing,null
O�wiej,null
Osciak,null
Papi�rkowski,null
Toci�ski,null
Wochowski,null
Brunagiel,null
Warkoczy�ski,null
Misnakiewicz,null
Miesiarczyk,null
Strugalewicz,null
Niestryjewski,null
Ko�ci�ch,null
Hasiak,null
Kolosek,null
Buzewicz,null
Robalczyk,null
Kohsmann,null
Oktarzewski,null
Kotarowski,null
Micha�aciuk,null
Medalion,null
Popilnicki,null
Staluszek,null
Redowski,null
Steimach,null
Kise�yczka,null
Czyza,null
Glebiec,null
Snochowski,null
Bartuszuk,null
Kuharo,null
Tajnowicz,null
Waczew,null
Wawrzynak,null
Dzi�dziara,null
Fojutowski,null
Nawroka,null
Duszyk,null
Charba�,null
Rottermund,null
Kasierkiewicz,null
Bol�da,null
Kracha�o,null
Asztal,null
Nuszczy�ski,null
Foppke,null
Gularek,null
Nikadan,null
Walot,null
Niwergol,null
Dikowski,null
Zawiola,null
Pieg�a,null
Go��mbiowska,null
Kuniarczyk,null
Ibo�,null
Paweliczyn,null
Oleanderek,null
Pinciurek,null
Ko�ocha,null
Tomda�a,null
Rzeszu�,null
Pronczyk,null
Gr�nzel,null
Sugaj,null
Kleimon,null
Arenderski,null
Marcyk,null
Mr�ga�a,null
Olczyk,null
Chwiedrowicz,null
Polar,null
Reniewiecka,null
Goce�,null
Re�,null
Wa��dzi�ski,null
Kie�ek,null
Le�kiw,null
Radkowicz,null
Maslicha,null
Biackowska,null
K�osek,null
Szeter,null
�wierbutowicz,null
Sernec,null
Benth,null
Zolech,null
Szume�da,null
Malup,null
Ganzek,null
M�adzieniec,null
Kasielak,null
Foterek,null
Ferdyniok,null
Czapkaior,null
Narzycki,null
Chwesc,null
Chaboski,null
Schmeller,null
Dudyk,null
Wale�ak,null
Klasztorycki,null
Pajnuk,null
Trepka,null
Szmagier,null
Wyrobiej,null
Pacholar,null
Tegielski,null
�wietoniewski,null
Jermolonok,null
Lejtan,null
Opieszy�ski,null
Barbzaj,null
Prokosa,null
Ko�om�ocki,null
Kopylczak,null
Ba�gaj,null
Chomirski,null
Bardyszewski,null
Tamelka,null
W�gracka,null
Str�t,null
Lagowicz,null
Chernicka,null
Szpata,null
Stefarski,null
Zaklicki,null
Kukieli�ski,null
Donowski,null
Burczewski,null
J�drzejan,null
Duchniewski,null
Czemier,null
Nas�aj,null
Sadowski vel Sadownik,null
Neuer,null
Cwierzyk,null
Pytan,null
Ledz,null
Popadnik,null
Gole,null
Wakracy,null
Stachuczy,null
Bemmek,null
Sztuflik,null
Turustowska,null
Marzygli�ski,null
Bognasz,null
Chasik,null
Pasmionka,null
Seyfrid,null
Morta,null
Szewielow,null
Kordja�,null
Rag,null
Kasem,null
Lubocha,null
Neitzko,null
K�dziur,null
Raku�,null
S�omowicz,null
Waraszek,null
Brumann,null
Zapendowski,null
Zeleszczak,null
Malasiewicz,null
Kobylakiewicz,null
Jodiss,null
P�tecki,null
Hanczyryk,null
Chojdeczko,null
Bal�am,null
Stantejski,null
Ha�oniuk,null
Knyjszczyk,null
Kliech,null
No�nica,null
R�ka�,null
Bojerman,null
No�kiewicz,null
Kunela,null
K�ster,null
Gudefajtis,null
Orzeszek,null
Osmani,null
Edlinger,null
Dmytrych,null
Golka,null
Sapikowski,null
Wolyniec,null
Horna�,null
Kululski,null
Firmata,null
Grzeziewicz,null
S�ra,null
Polak�w,null
Szarapajew,null
Ciemierzy�ski,null
Sapu�ak,null
Strylak,null
Prokoryn,null
Chojawa,null
G�o�,null
Gantka,null
Choroszczucha,null
Tumulik,null
Prudzi�owicz,null
Widzewicz,null
Horiaczek,null
Garwolewski,null
Walles,null
Klary,null
Osekarski,null
Nieczp�r,null
Ignatowski,null
Jamot,null
Tynecki,null
Michaszewicz,null
G�sio�,null
Wy�golik,null
Stanger,null
Tremba,null
�ukasiewicz,null
Mi�towski,null
Charbowski,null
J�yniec,null
Ciastan,null
Telutki,null
Akszty�,null
Lewanda,null
Czerwenski,null
Ejzak,null
Albercki,null
Kotassa,null
Sitzman,null
Kanaflewska,null
Czga,null
Brueckmann,null
Skuszy�ski,null
Kobis,null
Rozenzwajg,null
Hildebrand,null
Nadro�na,null
B�drowska,null
Ho�uber,null
G�owacki,null
Lackorzy�ski,null
Pinkusowicz,null
�ochy�ski,null
O�li�ok,null
Torhala,null
Fiesiak,null
P�atonow,null
Bagaci�ski,null
Swierblewski,null
�u�niak,null
Go�el,null
Reomoger,null
Zginiak,null
Dzi�rek,null
Fotyga,null
Floraszak,null
Bry�kiew,null
Mro�,null
Ewendt,null
K�mpista,null
Nastek,null
Stermanowicz,null
G�acel,null
Ate�ski,null
Parynow,null
Lapru�,null
Sm�lik,null
Kinicki,null
Muszik,null
Monkosza,null
Ga�yna,null
Doradzisz,null
Cebulewski,null
Bajbert,null
B�okowski,null
T�gowski,null
Cwiklinski,null
Pietizak,null
Wici�,null
Bierczowicz,null
Karpusiewicz,null
Jandaczek,null
Szczyglewski,null
Witali�,null
Krak�w,null
Jab�kowski,null
Ostenda,null
P�otas,null
Su�tkowska,null
Jesipowicz,null
Skonke,null
Fonseca-Saborit,null
Ejgel,null
Ludwicz,null
�o�mowski,null
Juengst,null
Bizacki,null
Gordie�ko,null
Wegneris,null
Wohlert,null
Stawerski,null
��kowska,null
Pry�an,null
Budwi�ska,null
�abierek,null
Knopa�a,null
Kotanowicz,null
Tatajko,null
Aniszczyk,null
Manns,null
Karpankiewicz,null
Rz�dowski,null
Pankan,null
J�dryczko,null
Drogosiewicz,null
Tobiak,null
Rudczkowski,null
Bakiel,null
Go�a�czyk,null
Szwengruben,null
Kierakowicz,null
Gawo�da,null
So�o�czyk,null
Uhera,null
Cycura,null
Chodzik,null
��goszowska,null
Pantaloma,null
Elszyk,null
Dalki,null
Tarnaruda,null
Szumow,null
Wi�koj�,null
Lesin,null
Podutkiewicz,null
Ch�chiewicz,null
Cempkowska,null
Piszczelok,null
Pietrarczyk,null
Wilenczewicz,null
Koleczki,null
Rembowiecki,null
Hoderyn,null
Kralewicz,null
Wuzek,null
B�dzicka,null
Katanow,null
K�usik,null
Chodoniec,null
Zgliniec,null
Bakalejko,null
Zaj�czek,null
Mikietnik,null
Ochapski,null
Chujeba,null
Marder,null
Ochabski,null
Cimachowicz,null
Kundybowicz,null
Marmulak,null
Komendulska,null
Szynelfenig,null
Szczerkowiak,null
Przewdzi�tkowska,null
Kulanty,null
Kurpiejewski,null
Walbrecht,null
Anchimowicz,null
Karnydas,null
Szyszko-Bohusz,null
Krzeszowiec,null
Ci�zielska,null
Pszeniczko,null
Bobusik,null
Bubenko,null
Gelsok,null
Wys�ocki,null
Konstanczyk,null
Gr�mbowska,null
Dogiel,null
Grausberg,null
Nazor,null
Kaukel,null
Siurda,null
Zomb,null
Celga,null
Plischak,null
Goryczka,null
Bohalczuk,null
Dulicki,null
Gronowiecka,null
Hryczeniuk,null
Swietozarow,null
Menszyk,null
Franko,null
Sterze�,null
Igiel,null
Kleponka,null
Maraj,null
Kaufka,null
Gilaszewicz,null
G�uszewski,null
J�zefowski,null
M�drych,null
Pokajska,null
C�g,null
Zierkowski,null
Waliczewski,null
Frawkiewicz,null
Ku�czyk,null
Ryndzio,null
��d�owski,null
Srzelec,null
Sengpiel,null
Carko,null
Stepowik,null
K�dziak,null
Wohnut,null
Dale�,null
Szczuba�ek,null
Lesnan,null
D�akostas,null
Jendral,null
Frajberg,null
Kopera,null
Pr�cki,null
Merdel,null
Chadrzak,null
Prze�dziak,null
Motyl vel Motylewska,null
Haberli�ski,null
Kurtus,null
Nikonienko,null
Kohsin,null
Uszkowski,null
Chamielak,null
Lewinson,null
Juroszczyk,null
Jantoszak,null
Gabler,null
Spolniewski,null
Ko�ybski,null
Parpura,null
Rothegel,null
Ogorek,null
Pitrok,null
Milisiewicz,null
Gorotkiewicz,null
Dziku�,null
Fajs,null
Responek,null
Kempinski,null
Telon�ka,null
Malec-Kilianek,null
Romloff,null
Femiak,null
Witek-Lipka,null
Kara�ewicz,null
Pulwer,null
Konoszy�ski,null
Wa�ydr�g,null
Kidos,null
Kuty�owski,null
Stylok,null
Wierpachowski,null
Zuzian,null
Mielanik,null
Rodowski,null
Safianowicz,null
Kiras,null
Schwiertz,null
Antulski,null
Dobromilski,null
Czerdysz,null
Kotuch,null
Agolzer,null
Korszla,null
Purath,null
Dominicz,null
Bielisz,null
Mieci�ski,null
Romaniec,null
Kasche,null
Ho�ajko,null
Fidukowicz,null
Kolos,null
Chocjan,null
Awdzi�ski,null
Przepie��,null
Bruzi�ski,null
Pindelek,null
Krywosz�yk�w,null
Marwers,null
Rzechulski,null
Kienyszyn,null
Chupna,null
Hikman,null
Thielmann,null
Sobinek,null
Heliosek,null
Sztraiber,null
Gardysiewicz,null
Sosnierz,null
Juryniec,null
Rothbart,null
Wiatzka,null
Charzanowska,null
Pukalec,null
Hu�ko,null
Jaromluk,null
Przezb�r,null
Parus,null
Mamerski,null
Andreman,null
Ambro�owicz,null
Oleniec,null
�wiklewski,null
Ma�lanna,null
Kanefa�,null
Ju�ak,null
Czeronek,null
Ruchocki,null
�li�ak,null
Dupski,null
Handzelek,null
Dar�l,null
Okiewicz,null
Runge,null
Dziuwe,null
Pompka,null
Harendarski,null
Wiertyl,null
Ludzi�ski,null
Jaczmi�ski,null
Turcho�,null
Kr�licki,null
Bereszczy�ski,null
Froniek,null
Jaskowiec,null
Karaimow,null
Zagni�ski,null
Sapi�ski,null
Mulerowicz,null
Studzicka,null
Rattay,null
Wawrzin,null
Biery��o,null
Cichosz,null
Blaszik,null
Luidstedt,null
Krasiniewska,null
Osmolik,null
Peru�,null
Butryma,null
Otuli�ski,null
Szaposznik,null
Jamr�kiewicz,null
Kuflich,null
Pobere�nik,null
Wajdas,null
Kentucki,null
Belacka,null
Subek,null
Kryjomski,null
Farfos,null
Dydzer,null
Orschel,null
Stoszkowski,null
Odro�lak,null
Belter,null
Przaradzki,null
Tinter,null
Bojdy�,null
Ga�a,null
Jer�omowicz,null
Karzybska,null
Mieczkina,null
Dembela,null
Warcho�a,null
Werpulewski,null
Sawal,null
Beskow,null
Rebilant,null
Klebon,null
Br�klewicz,null
�nieg�ra,null
Frenda,null
Sas-Topolnicka,null
Hardyba�a,null
Dargewicz,null
Hubrowski,null
Jochan,null
Byr�ek,null
Kapion,null
Udzi�ski,null
Miluksztys,null
Emey,null
Wyrombek,null
Monkowski,null
Dorlecka,null
Brojca,null
Choro�nicki,null
Dier�anowski,null
Chlimoniuk,null
Zajadzik,null
Dorynek,null
Biedermaman,null
Mandygraf,null
Cerkonik,null
Borzymi�ski,null
Zabora,null
Soroci�ska,null
Andruskiewicz,null
�ledzo�ski,null
Tudry�,null
Kawlinastis,null
Bi�ek,null
Wiatraczyk,null
�ach,null
Donos,null
Wininczuk,null
Arcowski,null
Korzyn,null
Nabere�ny,null
Telerzy�ski,null
Bugiereszta,null
Cukrecki,null
Hawris,null
Bogunin,null
Cybuch,null
Sudomirski,null
Char�ukowicz,null
Kosierkiewicz,null
Kaletko,null
Bie�ocki,null
Buraczonek,null
Walcz,null
Bogner,null
Handrewicz,null
Benczew,null
Berolek,null
Rar,null
Aszejczyk,null
Deryngier,null
Madejewicz,null
Strasko,null
Gotta,null
Bierestow,null
Teodorow,null
Gwizek,null
Kpczy�ski,null
H�ffner,null
Palenciuk,null
Pow�zka,null
Bundyra,null
Licok,null
Bajerkiewicz,null
Wojteczko,null
�winianoga,null
Dziwalski,null
Firgalski,null
Ogrodna,null
Behr,null
Ursynowicz,null
Brytwa,null
Sane�ko,null
Trauber,null
Kruzo�ek,null
Arniak,null
Olesienkiewicz,null
Kreduszy�ski,null
Podboro�a,null
Colbecka,null
Frederick,null
Dunin Micha�owski,null
Wullert,null
Drearz,null
Chudzk,null
Faworyk,null
Penkul,null
Legrand,null
Agusty�ska,null
Warzniak,null
Nowoty�ski,null
Pisczyk,null
Szwugier,null
Sweybal,null
Blawisz,null
Erfort,null
Koka�ski,null
Broncewicz,null
Szyjkowski,null
Tychy,null
Czenga,null
Sommerschmied,null
Chuzar,null
Pastuszczak,null
Lopi�ski,null
�op,null
Mieszki�,null
Baraniak,null
Specyalski,null
Hubski,null
Jatrz�b,null
Zakorzenna,null
Podskrubek,null
Potworek,null
Nazdrowicz,null
Stutz,null
Babacz,null
Paluczek,null
Szekierka,null
Pachelec,null
Ce�miniecka,null
Cigielman,null
Hudwi�owicz,null
Fr�czko,null
Sierkosz,null
Kozaniecki,null
�yszkiewicz,null
�azorenko,null
Effort,null
Wojstanowicz,null
Mazalia,null
J�siuk,null
Ga�e�,null
Mendzina,null
Szwinienko,null
Kr�jorz,null
Henzszel,null
Wajuberg,null
Gradomski,null
Stefaniszyn,null
Dziadynak,null
Weso�ak,null
Lampel,null
Ziombski,null
Gulowata,null
�wiekiewicz,null
Widczak,null
Fredryszek,null
Szejba,null
D�dka,null
Lever,null
Urwanow-Dryhusz,null
Simeczka,null
Bendziechowska,null
Fernander,null
Wylengowski,null
Gede,null
�oszy�ski,null
Pranda,null
Pu�mierowski,null
Sumyk,null
Zachodni,null
Starnoci�ska,null
Gonik,null
Poczan,null
Lebkuchler,null
Wszalek,null
Wieciek,null
Hajbutowicz,null
Cergowski,null
Glab�,null
Klibera,null
Splikowska,null
Kroiss,null
Borzeczkowski,null
Buce�,null
Rozumus,null
Kozorcz,null
Ko�wik,null
Morkes,null
Zalcman,null
Nawiel,null
Makarenkow,null
Tayar,null
Karczewski,null
Fiedosienko,null
Schmiedt,null
Dylszman,null
Dalosi�ska,null
Lechmierowicz,null
Podgagulina,null
Kope�,null
Lachetta,null
Chora,null
Niepo�o�ski,null
Zubrzyc,null
Sztybe�ko,null
Zda�kiewicz,null
Tryler,null
Bawry�o,null
Korszaczuk,null
Ch��niecka,null
Brodaszewska,null
Better,null
Retelski,null
Suszewski,null
Gawrysiuk,null
Jardasiewicz,null
Chojecki,null
Grifkowski,null
Welzant,null
Mowrzewski,null
Pabias,null
Kuciuruba,null
No�yczkowska,null
Jurczewski,null
�wi�tek,null
Zegar�owicz,null
Wyrtki,null
Zangierska,null
Hollaender,null
Kokurenda,null
Kirschniok,null
Ko�o�y�ski,null
Harewicz,null
Gardygajko,null
Frycler,null
Cimorzy�ska,null
Zbruk,null
Tryton,null
Murawjow,null
Pank�w,null
Gr�bowski,null
Podedworna,null
Jendreczko,null
Lasowert,null
Krystjanowski,null
Rata�,null
Mi�kinia,null
Nusman,null
Brakowicka,null
Makiejrzko,null
Borody�,null
Strzebniok,null
�andarczuk,null
Sulejowska,null
Stremik,null
Ca�y�,null
Zabramski,null
Kopty�,null
Siubka,null
S�upionek,null
Bystrynowska,null
Geniu�,null
Cyculska,null
�liwinko,null
Cierpica,null
Kotulla,null
H�z�a,null
Han�ka,null
Friedenberg,null
Zwierzina,null
Puczyk,null
Go��as,null
Stawniczy,null
Szel�pa,null
Klichowski,null
Kumoridis,null
Durba�ow,null
Wiecenbach,null
Sadryku�a,null
Gardyawczyk,null
Manulik,null
�ukianionek,null
Elszuk,null
Kuzynk�w,null
Draczy�owska,null
Wojtuk,null
Gazik,null
Przepolewski,null
Stopel,null
Korchut,null
Belej,null
Dr�ciuk,null
Proprowicz,null
�aniewicz,null
Starachowski,null
So�aczewska,null
Frydyada,null
Sie�an,null
Tylcek,null
Batus,null
Bonawent�rska,null
Bumdz,null
Robin,null
Osie�kowski,null
Detrich,null
Tykoci�ski,null
�wirze�,null
Domaniak,null
Herstowski,null
�asa,null
Borydzka,null
Kastylijski,null
Frutkowska,null
Brok,null
Niderfijer,null
Koenighaus,null
Nafolska,null
Wrankowska,null
Roszczyszyn,null
Zawitniewicz,null
Stasiew,null
Demial�w,null
Wlaziak,null
Bigielmajel,null
Zimoszczyk,null
Doin,null
Ameisen,null
Zoberg,null
Magie�da,null
Kseszyna,null
Cmielarz,null
Brz�kiewicz,null
Sebastyanka,null
Liczban,null
Sw�tkowski,null
Piwowarewicz,null
Kol�derska,null
Graum�ller,null
Hoin,null
Furma�czak,null
Baczyl,null
Tyrloch,null
�oktysz,null
Stawiarek,null
Buchczik,null
Schmerse,null
Trycz,null
Wybig,null
Szendrowicz,null
Maichrzik,null
Choncel,null
Boksza�ski,null
Kubrat,null
Bio�ek,null
Wergner,null
Smarcz,null
Czyrik,null
Rzazewska,null
Buzo�,null
Czesiek,null
Wart�ga,null
Holasek,null
Strunic,null
Arendt,null
Soralska,null
Podskoczny,null
Aziambor,null
Runal,null
Ruba�ski,null
Perchaj�o,null
Krotkiewicz,null
Prochonowski,null
Herber,null
K�dzio�,null
Lutyniok,null
Fiecko,null
Holzh�ter,null
Zap�otna,null
Dublasiewicz,null
�orawicz,null
Ksi�sczyk,null
Kalaja,null
Jacios,null
Sede�ko,null
Sowier,null
Sz�apak,null
Bochdaniewicz,null
Dr�niakiewicz,null
Zwarzana,null
Kurzach�w,null
Chutra,null
Supie�a,null
Armanda,null
Filimoniuk,null
Drapolla,null
Hrabi�ska,null
Klenikowska,null
Zizulewski,null
Zawierko,null
Wocianiec,null
Korowaj,null
Furgalec,null
Sukierka,null
Bartus,null
Kozarz,null
Niedy�ak,null
Radaszewicz,null
Hyryk,null
Dro�d�alski,null
Pazdrzej,null
Blumke,null
Sztryloch,null
Glink,null
Was��nik,null
Stefluk,null
Grdyjas,null
Mochura,null
Bolcerska,null
Fita�,null
Alius,null
Fl�ter,null
Loffer,null
Popendyk,null
Kawe�a,null
Zole�ski,null
Krzeczowski,null
Zbigniewski,null
Gocy�a,null
�odysz,null
Dragunatys,null
�edzicki,null
Basciuk,null
Zaharowski,null
Tyklewicz,null
Chranczarek,null
Slan,null
Schmidt,null
Styczko,null
Beziubik,null
Antoniec,null
Krsyna,null
Gieroch,null
Biell,null
Raducki,null
M�czka,null
Dyminet,null
W�do�owicz,null
Zabowski,null
Zierkowski,null
Staszi�o,null
Wa�eczak,null
Defas,null
Przybora,null
Kruszeniuk,null
Krowiecki,null
Chybierz,null
Rynik,null
Skomundek,null
Bezpajko,null
Wojskowicz,null
Dolot,null
Bedronek,null
Grutz,null
Kliszczewicz,null
Mrela,null
�niegota,null
Wengier,null
Nary�na,null
�aninek,null
Charszej,null
Obzeja,null
Tetzler,null
Szalacha,null
Zaw�odawer,null
Szpa�kowski,null
Hepfel,null
Podes�awski,null
Komet,null
Grzesin,null
Bufzi�ska,null
Dyck,null
Kokotkin,null
Strychaszewska,null
Kauff,null
Dzirda,null
B�otko,null
Bachleda Wala,null
Schymajda,null
Ledledwo�,null
Siebi�ski,null
Gliniany,null
Kosienek,null
Trochomowska,null
Santrek,null
Fawrel,null
Mudlaf,null
Alichwier,null
Abramczuk-Vel-Prokopiuk,null
Ejgel,null
Mod�ak,null
Szmatnik,null
Borensztejn,null
Zaparowicz,null
Czjer,null
Afoniuszkina,null
Biegus,null
Szlago�,null
Bitterman,null
Tyniowski,null
Mistek,null
Paczoszka,null
Chrzescijanek,null
Nibor,null
Teleka�o,null
Jencza�a,null
Schmitter,null
Berner-Serbo�ow,null
Kozio� vel Koz�owski,null
Lacher,null
Tottka,null
Filka,null
Blaszkiw,null
Po�zun�w,null
Szabel,null
Winier,null
Drajok,null
Reczaniuk,null
Zazgodnik,null
Kazimieska,null
Sopczy�ski,null
Segelin,null
Malewa,null
Kie�bas�w,null
Kuitkowski,null
Majczykowska,null
Nipl,null
Pik�owski,null
Zielesi�ski,null
Moj,null
Trafa,null
Kurdyba�a,null
Bad�o,null
Pleba�czyk,null
Grygorow,null
Gro�kowska,null
Barwnik,null
Rosita,null
Krz�pek,null
Szelmet,null
Mandzeli�ski,null
Trzybuszewska,null
St�czniak,null
Drukman,null
Liciecki,null
Nimpczke,null
Prz�dziak,null
Fiederonek,null
Jepifanow,null
�wi�tkiewicz,null
Osrowiecki,null
Brzeszcz,null
Baguszko,null
Polczarska,null
Hesprich,null
Frydzi�ski,null
Bianczuk,null
Ble�ek,null
Kazanek,null
Ciegel�ga,null
Organisty,null
Hajdenrajk,null
Gishaimer,null
Fabya�czuk,null
Hawry�ko,null
Masilunas,null
Zofiarska,null
Kluczka,null
Ry�niak,null
Ku�er,null
Uroda,null
Wasylynko,null
Sparty,null
Tu�ajczyk,null
Miziana,null
Zeltyng,null
Szemfelt,null
Gutmajer,null
Androwicz,null
�opa�a,null
�aj,null
Augustasicz,null
Bagdons,null
Werobej,null
Dzieracze�ko,null
Szemczak,null
Jezyk,null
�ukija�czyk,null
Wl�zie�,null
Wo�niaczak,null
Pylman,null
Brac�awski,null
Pieniaszk,null
Hazrat,null
Rinow,null
Kojda�a,null
Parlow,null
Dziesi�tkowska,null
Herbe�,null
Bupi�ek,null
Rajczyk vel Rajewska,null
Szma�ski,null
Taraka,null
Jamaszewski,null
Papiejewski,null
Katuniak,null
Zamejci,null
Wandecka,null
Wowczeniuk,null
Kijas,null
Stemerowicz,null
Winiczuk,null
Sawojko,null
Szmarkiewicz,null
Chamim,null
Straner,null
Pu�kaszek,null
Opupnik,null
Boy�,null
Meruszy�ska,null
Safon�w,null
Nogaj,null
Perlach,null
Labuger,null
